0.000000	539.000000	135324.000000	0.000000	1678603082.381484	0.000000
0.000000	538.000000	135323.000000	0.000000	1678603082.396383	0.000000
0.000000	538.000000	135293.000000	0.000000	1678603082.411282	0.000000
0.000000	538.000000	135263.000000	0.000000	1678603082.426181	0.000000
0.000000	539.000000	135282.000000	0.000000	1678603082.441080	0.000000
0.000000	539.000000	135251.000000	0.000000	1678603082.455979	0.000000
0.000000	537.000000	135238.000000	0.000000	1678603082.472977	0.000000
0.000000	538.000000	135213.000000	0.000000	1678603082.489975	0.000000
0.000000	537.000000	135194.000000	0.000000	1678603082.506973	0.000000
0.000000	538.000000	135243.000000	0.000000	1678603082.523971	0.000000
0.000000	540.000000	135234.000000	0.000000	1678603082.540969	0.000000
0.000000	538.000000	135178.000000	0.000000	1678603082.557967	0.000000
0.000000	540.000000	135141.000000	0.000000	1678603082.573281	0.000000
0.000000	538.000000	135146.000000	0.000000	1678603082.588595	0.000000
0.000000	538.000000	135198.000000	0.000000	1678603082.603910	0.000000
0.000000	538.000000	135130.000000	0.000000	1678603082.619224	0.000000
0.000000	539.000000	135136.000000	0.000000	1678603082.634538	0.000000
0.000000	538.000000	135157.000000	0.000000	1678603082.649853	0.000000
0.000000	538.000000	135172.000000	0.000000	1678603082.669614	0.000000
0.000000	539.000000	135104.000000	0.000000	1678603082.689375	0.000000
0.000000	538.000000	135152.000000	0.000000	1678603082.709137	0.000000
0.000000	537.000000	135149.000000	0.000000	1678603082.728898	0.000000
0.000000	538.000000	135130.000000	0.000000	1678603082.748660	0.000000
0.000000	537.000000	135138.000000	0.000000	1678603082.768421	0.000000
0.000000	539.000000	135157.000000	0.000000	1678603082.778981	0.000000
0.000000	538.000000	135112.000000	0.000000	1678603082.789541	0.000000
0.000000	539.000000	135077.000000	0.000000	1678603082.800102	0.000000
0.000000	537.000000	135146.000000	0.000000	1678603082.810662	0.000000
0.000000	538.000000	135101.000000	0.000000	1678603082.821222	0.000000
0.000000	538.000000	135101.000000	0.000000	1678603082.831783	0.000000
0.000000	537.000000	135162.000000	0.000000	1678603082.846929	0.000000
0.000000	538.000000	135094.000000	0.000000	1678603082.862075	0.000000
0.000000	537.000000	135098.000000	0.000000	1678603082.877221	0.000000
0.000000	539.000000	135104.000000	0.000000	1678603082.892368	0.000000
0.000000	539.000000	135148.000000	0.000000	1678603082.907514	0.000000
0.000000	539.000000	135120.000000	0.000000	1678603082.922660	0.000000
0.000000	540.000000	135139.000000	0.000000	1678603082.940079	0.000000
0.000000	538.000000	135117.000000	0.000000	1678603082.957498	0.000000
0.000000	538.000000	135115.000000	0.000000	1678603082.974917	0.000000
0.000000	539.000000	135179.000000	0.000000	1678603082.992336	0.000000
0.000000	538.000000	135142.000000	0.000000	1678603083.009755	0.000000
0.000000	539.000000	135084.000000	0.000000	1678603083.027174	0.000000
0.000000	541.000000	130778.000000	0.000000	1678603306.309316	0.000000
0.000000	541.000000	130816.000000	0.000000	1678603306.326639	0.000000
0.000000	540.000000	130822.000000	0.000000	1678603306.343962	0.000000
0.000000	541.000000	130833.000000	0.000000	1678603306.361285	0.000000
0.000000	540.000000	130856.000000	0.000000	1678603306.378608	0.000000
0.000000	541.000000	130840.000000	0.000000	1678603306.395931	0.000000
0.000000	540.000000	130851.000000	0.000000	1678603306.411125	0.000000
0.000000	539.000000	130876.000000	0.000000	1678603306.426319	0.000000
0.000000	541.000000	130827.000000	0.000000	1678603306.441513	0.000000
0.000000	540.000000	130861.000000	0.000000	1678603306.456707	0.000000
0.000000	541.000000	130868.000000	0.000000	1678603306.471900	0.000000
0.000000	539.000000	130825.000000	0.000000	1678603306.487094	0.000000
0.000000	541.000000	130940.000000	0.000000	1678603306.502333	0.000000
0.000000	539.000000	130934.000000	0.000000	1678603306.517572	0.000000
0.000000	541.000000	130926.000000	0.000000	1678603306.532811	0.000000
0.000000	538.000000	130942.000000	0.000000	1678603306.548050	0.000000
0.000000	539.000000	130952.000000	0.000000	1678603306.563289	0.000000
0.000000	540.000000	130937.000000	0.000000	1678603306.578528	0.000000
0.000000	540.000000	130975.000000	0.000000	1678603306.593376	0.000000
0.000000	540.000000	130923.000000	0.000000	1678603306.608225	0.000000
0.000000	542.000000	131003.000000	0.000000	1678603306.623074	0.000000
0.000000	540.000000	131009.000000	0.000000	1678603306.637923	0.000000
0.000000	540.000000	130984.000000	0.000000	1678603306.652771	0.000000
0.000000	540.000000	131028.000000	0.000000	1678603306.667620	0.000000
0.000000	542.000000	131044.000000	0.000000	1678603306.684690	0.000000
0.000000	541.000000	131087.000000	0.000000	1678603306.701760	0.000000
0.000000	540.000000	131091.000000	0.000000	1678603306.718831	0.000000
0.000000	540.000000	131052.000000	0.000000	1678603306.735901	0.000000
0.000000	541.000000	131067.000000	0.000000	1678603306.752971	0.000000
0.000000	540.000000	131059.000000	0.000000	1678603306.770041	0.000000
0.000000	541.000000	131085.000000	0.000000	1678603306.785415	0.000000
0.000000	540.000000	131140.000000	0.000000	1678603306.800789	0.000000
0.000000	540.000000	131159.000000	0.000000	1678603306.816163	0.000000
0.000000	540.000000	131157.000000	0.000000	1678603306.831537	0.000000
0.000000	540.000000	131130.000000	0.000000	1678603306.846911	0.000000
0.000000	540.000000	131131.000000	0.000000	1678603306.862286	0.000000
0.000000	539.000000	131090.000000	0.000000	1678603306.877465	0.000000
0.000000	537.000000	131086.000000	0.000000	1678603306.892645	0.000000
0.000000	540.000000	131102.000000	0.000000	1678603306.907824	0.000000
0.000000	537.000000	131115.000000	0.000000	1678603306.923003	0.000000
0.000000	539.000000	131047.000000	0.000000	1678603306.938183	0.000000
0.000000	539.000000	131106.000000	0.000000	1678603306.953362	0.000000
0.000000	540.000000	131079.000000	0.000000	1678603306.970190	0.000000
0.000000	540.000000	131098.000000	0.000000	1678603306.987017	0.000000
0.000000	540.000000	131105.000000	0.000000	1678603307.003844	0.000000
0.000000	540.000000	131030.000000	0.000000	1678603307.020671	0.000000
0.000000	540.000000	131035.000000	0.000000	1678603307.037498	0.000000
0.000000	540.000000	131067.000000	0.000000	1678603307.054325	0.000000
0.000000	540.000000	131060.000000	0.000000	1678603307.069513	0.000000
0.000000	539.000000	131066.000000	0.000000	1678603307.084700	0.000000
0.000000	538.000000	131107.000000	0.000000	1678603307.099888	0.000000
0.000000	540.000000	131091.000000	0.000000	1678603307.115076	0.000000
0.000000	539.000000	131111.000000	0.000000	1678603307.130263	0.000000
0.000000	538.000000	131081.000000	0.000000	1678603307.145451	0.000000
0.000000	537.000000	131110.000000	0.000000	1678603307.160816	0.000000
0.000000	538.000000	131069.000000	0.000000	1678603307.176180	0.000000
0.000000	539.000000	131092.000000	0.000000	1678603307.191545	0.000000
0.000000	538.000000	131112.000000	0.000000	1678603307.206909	0.000000
0.000000	540.000000	131081.000000	0.000000	1678603307.222274	0.000000
0.000000	540.000000	131066.000000	0.000000	1678603307.237639	0.000000
0.000000	540.000000	131124.000000	0.000000	1678603307.254830	0.000000
0.000000	539.000000	131088.000000	0.000000	1678603307.272022	0.000000
0.000000	541.000000	131115.000000	0.000000	1678603307.289213	0.000000
0.000000	538.000000	131113.000000	0.000000	1678603307.306405	0.000000
0.000000	540.000000	131129.000000	0.000000	1678603307.323596	0.000000
0.000000	539.000000	131134.000000	0.000000	1678603307.340788	0.000000
0.000000	539.000000	131183.000000	0.000000	1678603307.356442	0.000000
0.000000	539.000000	131182.000000	0.000000	1678603307.372097	0.000000
0.000000	540.000000	131169.000000	0.000000	1678603307.387751	0.000000
0.000000	541.000000	131206.000000	0.000000	1678603307.403406	0.000000
0.000000	541.000000	131168.000000	0.000000	1678603307.419060	0.000000
0.000000	541.000000	131206.000000	0.000000	1678603307.434715	0.000000
0.000000	540.000000	131226.000000	0.000000	1678603307.449152	0.000000
0.000000	539.000000	131215.000000	0.000000	1678603307.463589	0.000000
0.000000	540.000000	131188.000000	0.000000	1678603307.478026	0.000000
0.000000	539.000000	131213.000000	0.000000	1678603307.492463	0.000000
0.000000	539.000000	131195.000000	0.000000	1678603307.506900	0.000000
0.000000	541.000000	131180.000000	0.000000	1678603307.521338	0.000000
0.000000	539.000000	131236.000000	0.000000	1678603307.536744	0.000000
0.000000	540.000000	131222.000000	0.000000	1678603307.552151	0.000000
0.000000	540.000000	131226.000000	0.000000	1678603307.567558	0.000000
0.000000	540.000000	131194.000000	0.000000	1678603307.582965	0.000000
0.000000	540.000000	131226.000000	0.000000	1678603307.598371	0.000000
0.000000	541.000000	131201.000000	0.000000	1678603307.613778	0.000000
0.000000	540.000000	131198.000000	0.000000	1678603307.628506	0.000000
0.000000	540.000000	131242.000000	0.000000	1678603307.643233	0.000000
0.000000	541.000000	131222.000000	0.000000	1678603307.657961	0.000000
0.000000	541.000000	131177.000000	0.000000	1678603307.672688	0.000000
0.000000	543.000000	131158.000000	0.000000	1678603307.687416	0.000000
0.000000	544.000000	131154.000000	0.000000	1678603307.702144	0.000000
0.000000	543.000000	131157.000000	0.000000	1678603307.719621	0.000000
0.000000	540.000000	131153.000000	0.000000	1678603307.737099	0.000000
0.000000	541.000000	131189.000000	0.000000	1678603307.754576	0.000000
0.000000	541.000000	131142.000000	0.000000	1678603307.772054	0.000000
0.000000	541.000000	131150.000000	0.000000	1678603307.789532	0.000000
0.000000	541.000000	131125.000000	0.000000	1678603307.807009	0.000000
0.000000	541.000000	131154.000000	0.000000	1678603307.821776	0.000000
0.000000	541.000000	131146.000000	0.000000	1678603307.836543	0.000000
0.000000	542.000000	131168.000000	0.000000	1678603307.851309	0.000000
0.000000	541.000000	131136.000000	0.000000	1678603307.866076	0.000000
0.000000	541.000000	131150.000000	0.000000	1678603307.880843	0.000000
0.000000	541.000000	131130.000000	0.000000	1678603307.895610	0.000000
0.000000	541.000000	131184.000000	0.000000	1678603307.911024	0.000000
0.000000	542.000000	131153.000000	0.000000	1678603307.926439	0.000000
0.000000	542.000000	131114.000000	0.000000	1678603307.941854	0.000000
0.000000	543.000000	131118.000000	0.000000	1678603307.957269	0.000000
0.000000	540.000000	131123.000000	0.000000	1678603307.972684	0.000000
0.000000	543.000000	131166.000000	0.000000	1678603307.988098	0.000000
0.000000	540.000000	131152.000000	0.000000	1678603308.003111	0.000000
0.000000	542.000000	131115.000000	0.000000	1678603308.018124	0.000000
0.000000	543.000000	131139.000000	0.000000	1678603308.033136	0.000000
0.000000	543.000000	131126.000000	0.000000	1678603308.048149	0.000000
0.000000	542.000000	131142.000000	0.000000	1678603308.063161	0.000000
0.000000	543.000000	131154.000000	0.000000	1678603308.078174	0.000000
0.000000	542.000000	131153.000000	0.000000	1678603308.095026	0.000000
0.000000	542.000000	131154.000000	0.000000	1678603308.111879	0.000000
0.000000	544.000000	131122.000000	0.000000	1678603308.128731	0.000000
0.000000	543.000000	131135.000000	0.000000	1678603308.145584	0.000000
0.000000	544.000000	131159.000000	0.000000	1678603308.162436	0.000000
0.000000	542.000000	131203.000000	0.000000	1678603308.179289	0.000000
0.000000	543.000000	131115.000000	0.000000	1678603308.194789	0.000000
0.000000	542.000000	131136.000000	0.000000	1678603308.210289	0.000000
0.000000	541.000000	131180.000000	0.000000	1678603308.225790	0.000000
0.000000	541.000000	131190.000000	0.000000	1678603308.241290	0.000000
0.000000	541.000000	131150.000000	0.000000	1678603308.256790	0.000000
0.000000	543.000000	131129.000000	0.000000	1678603308.272290	0.000000
0.000000	542.000000	131164.000000	0.000000	1678603308.287239	0.000000
0.000000	542.000000	131097.000000	0.000000	1678603308.302187	0.000000
0.000000	541.000000	131034.000000	0.000000	1678603308.317136	0.000000
0.000000	543.000000	130988.000000	0.000000	1678603308.332085	0.000000
0.000000	541.000000	131053.000000	0.000000	1678603308.347034	0.000000
0.000000	542.000000	130971.000000	0.000000	1678603308.361983	0.000000
0.000000	542.000000	131026.000000	0.000000	1678603308.377099	0.000000
0.000000	543.000000	130978.000000	0.000000	1678603308.392216	0.000000
0.000000	543.000000	130868.000000	0.000000	1678603308.407333	0.000000
0.000000	542.000000	130940.000000	0.000000	1678603308.422450	0.000000
0.000000	542.000000	130876.000000	0.000000	1678603308.437567	0.000000
0.000000	542.000000	130902.000000	0.000000	1678603308.452683	0.000000
0.000000	543.000000	130905.000000	0.000000	1678603308.467825	0.000000
0.000000	543.000000	130885.000000	0.000000	1678603308.482966	0.000000
0.000000	541.000000	130898.000000	0.000000	1678603308.498108	0.000000
0.000000	542.000000	130887.000000	0.000000	1678603308.513250	0.000000
0.000000	542.000000	130856.000000	0.000000	1678603308.528391	0.000000
0.000000	541.000000	130885.000000	0.000000	1678603308.543533	0.000000
0.000000	541.000000	130833.000000	0.000000	1678603308.560652	0.000000
0.000000	541.000000	130799.000000	0.000000	1678603308.577772	0.000000
0.000000	541.000000	130903.000000	0.000000	1678603308.594891	0.000000
0.000000	540.000000	130861.000000	0.000000	1678603308.612010	0.000000
0.000000	542.000000	130854.000000	0.000000	1678603308.629130	0.000000
0.000000	542.000000	130768.000000	0.000000	1678603308.646249	0.000000
0.000000	541.000000	130869.000000	0.000000	1678603308.661355	0.000000
0.000000	541.000000	130790.000000	0.000000	1678603308.676461	0.000000
0.000000	541.000000	130806.000000	0.000000	1678603308.691566	0.000000
0.000000	542.000000	130811.000000	0.000000	1678603308.706672	0.000000
0.000000	540.000000	130819.000000	0.000000	1678603308.721777	0.000000
0.000000	541.000000	130865.000000	0.000000	1678603308.736883	0.000000
0.000000	542.000000	130848.000000	0.000000	1678603308.751912	0.000000
0.000000	542.000000	130864.000000	0.000000	1678603308.766941	0.000000
0.000000	541.000000	130833.000000	0.000000	1678603308.781970	0.000000
0.000000	541.000000	130843.000000	0.000000	1678603308.796999	0.000000
0.000000	541.000000	130832.000000	0.000000	1678603308.812027	0.000000
0.000000	541.000000	130835.000000	0.000000	1678603308.827056	0.000000
0.000000	541.000000	130874.000000	0.000000	1678603308.842122	0.000000
0.000000	541.000000	130876.000000	0.000000	1678603308.857188	0.000000
0.000000	541.000000	130880.000000	0.000000	1678603308.872254	0.000000
0.000000	541.000000	130868.000000	0.000000	1678603308.887320	0.000000
0.000000	541.000000	130886.000000	0.000000	1678603308.902386	0.000000
0.000000	541.000000	130872.000000	0.000000	1678603308.917452	0.000000
0.000000	540.000000	130787.000000	0.000000	1678603308.934861	0.000000
0.000000	540.000000	130762.000000	0.000000	1678603308.952270	0.000000
0.000000	541.000000	130808.000000	0.000000	1678603308.969678	0.000000
0.000000	541.000000	130743.000000	0.000000	1678603308.987087	0.000000
0.000000	540.000000	130748.000000	0.000000	1678603309.004496	0.000000
0.000000	539.000000	130704.000000	0.000000	1678603309.021905	0.000000
0.000000	540.000000	130715.000000	0.000000	1678603309.037171	0.000000
0.000000	539.000000	130639.000000	0.000000	1678603309.052438	0.000000
0.000000	541.000000	130594.000000	0.000000	1678603309.067704	0.000000
0.000000	540.000000	130645.000000	0.000000	1678603309.082970	0.000000
0.000000	542.000000	130591.000000	0.000000	1678603309.098237	0.000000
0.000000	541.000000	130584.000000	0.000000	1678603309.113503	0.000000
0.000000	541.000000	130576.000000	0.000000	1678603309.128441	0.000000
0.000000	540.000000	130522.000000	0.000000	1678603309.143379	0.000000
0.000000	540.000000	130554.000000	0.000000	1678603309.158316	0.000000
0.000000	539.000000	130543.000000	0.000000	1678603309.173254	0.000000
0.000000	541.000000	130559.000000	0.000000	1678603309.188192	0.000000
0.000000	540.000000	130449.000000	0.000000	1678603309.203130	0.000000
0.000000	540.000000	130512.000000	0.000000	1678603309.220501	0.000000
0.000000	539.000000	130528.000000	0.000000	1678603309.237872	0.000000
0.000000	540.000000	130493.000000	0.000000	1678603309.255244	0.000000
0.000000	540.000000	130459.000000	0.000000	1678603309.272615	0.000000
0.000000	540.000000	130475.000000	0.000000	1678603309.289986	0.000000
0.000000	539.000000	130441.000000	0.000000	1678603309.307358	0.000000
0.000000	541.000000	130489.000000	0.000000	1678603309.322085	0.000000
0.000000	539.000000	130453.000000	0.000000	1678603309.336813	0.000000
0.000000	539.000000	130471.000000	0.000000	1678603309.351541	0.000000
0.000000	540.000000	130490.000000	0.000000	1678603309.366269	0.000000
0.000000	540.000000	130460.000000	0.000000	1678603309.380996	0.000000
0.000000	540.000000	130505.000000	0.000000	1678603309.395724	0.000000
0.000000	541.000000	130476.000000	0.000000	1678603309.411129	0.000000
0.000000	540.000000	130498.000000	0.000000	1678603309.426534	0.000000
0.000000	540.000000	130518.000000	0.000000	1678603309.441939	0.000000
0.000000	541.000000	130457.000000	0.000000	1678603309.457344	0.000000
0.000000	541.000000	130449.000000	0.000000	1678603309.472749	0.000000
0.000000	540.000000	130466.000000	0.000000	1678603309.488154	0.000000
0.000000	541.000000	130444.000000	0.000000	1678603309.505635	0.000000
0.000000	541.000000	130483.000000	0.000000	1678603309.523116	0.000000
0.000000	541.000000	130496.000000	0.000000	1678603309.540597	0.000000
0.000000	542.000000	130485.000000	0.000000	1678603309.558078	0.000000
0.000000	541.000000	130499.000000	0.000000	1678603309.575559	0.000000
0.000000	540.000000	130536.000000	0.000000	1678603309.593040	0.000000
0.000000	539.000000	130497.000000	0.000000	1678603309.605443	0.000000
0.000000	541.000000	130529.000000	0.000000	1678603309.617846	0.000000
0.000000	541.000000	130522.000000	0.000000	1678603309.630250	0.000000
0.000000	540.000000	130499.000000	0.000000	1678603309.642653	0.000000
0.000000	541.000000	130447.000000	0.000000	1678603309.655056	0.000000
0.000000	542.000000	130445.000000	0.000000	1678603309.667459	0.000000
0.000000	540.000000	130422.000000	0.000000	1678603309.684662	0.000000
0.000000	539.000000	130379.000000	0.000000	1678603309.701865	0.000000
0.000000	541.000000	130391.000000	0.000000	1678603309.719068	0.000000
0.000000	541.000000	130305.000000	0.000000	1678603309.736270	0.000000
0.000000	541.000000	130299.000000	0.000000	1678603309.753473	0.000000
0.000000	540.000000	130244.000000	0.000000	1678603309.770676	0.000000
0.000000	542.000000	130288.000000	0.000000	1678603309.785776	0.000000
0.000000	541.000000	130240.000000	0.000000	1678603309.800875	0.000000
0.000000	540.000000	130241.000000	0.000000	1678603309.815975	0.000000
0.000000	540.000000	130193.000000	0.000000	1678603309.831075	0.000000
0.000000	541.000000	130223.000000	0.000000	1678603309.846174	0.000000
0.000000	540.000000	130204.000000	0.000000	1678603309.861274	0.000000
0.000000	541.000000	130229.000000	0.000000	1678603309.878947	0.000000
0.000000	541.000000	130239.000000	0.000000	1678603309.896621	0.000000
0.000000	540.000000	130212.000000	0.000000	1678603309.914294	0.000000
0.000000	540.000000	130180.000000	0.000000	1678603309.931967	0.000000
0.000000	540.000000	130209.000000	0.000000	1678603309.949641	0.000000
0.000000	541.000000	130151.000000	0.000000	1678603309.967314	0.000000
0.000000	540.000000	130151.000000	0.000000	1678603309.980156	0.000000
0.000000	539.000000	130172.000000	0.000000	1678603309.992998	0.000000
0.000000	540.000000	130187.000000	0.000000	1678603310.005840	0.000000
0.000000	539.000000	130211.000000	0.000000	1678603310.018682	0.000000
0.000000	540.000000	130185.000000	0.000000	1678603310.031524	0.000000
0.000000	539.000000	130225.000000	0.000000	1678603310.044366	0.000000
0.000000	539.000000	130204.000000	0.000000	1678603310.061152	0.000000
0.000000	541.000000	130121.000000	0.000000	1678603310.077937	0.000000
0.000000	540.000000	130233.000000	0.000000	1678603310.094722	0.000000
0.000000	540.000000	130202.000000	0.000000	1678603310.111508	0.000000
0.000000	539.000000	130210.000000	0.000000	1678603310.128293	0.000000
0.000000	540.000000	130244.000000	0.000000	1678603310.145078	0.000000
0.000000	540.000000	130206.000000	0.000000	1678603310.162799	0.000000
0.000000	541.000000	130234.000000	0.000000	1678603310.180520	0.000000
0.000000	541.000000	130280.000000	0.000000	1678603310.198241	0.000000
0.000000	541.000000	130242.000000	0.000000	1678603310.215962	0.000000
0.000000	541.000000	130255.000000	0.000000	1678603310.233683	0.000000
0.000000	539.000000	130276.000000	0.000000	1678603310.251403	0.000000
0.000000	541.000000	130262.000000	0.000000	1678603310.264068	0.000000
0.000000	540.000000	130202.000000	0.000000	1678603310.276732	0.000000
0.000000	540.000000	130316.000000	0.000000	1678603310.289397	0.000000
0.000000	540.000000	130263.000000	0.000000	1678603310.302061	0.000000
0.000000	540.000000	130342.000000	0.000000	1678603310.314726	0.000000
0.000000	541.000000	130293.000000	0.000000	1678603310.327390	0.000000
0.000000	540.000000	130324.000000	0.000000	1678603310.342524	0.000000
0.000000	539.000000	130264.000000	0.000000	1678603310.357657	0.000000
0.000000	541.000000	130252.000000	0.000000	1678603310.372791	0.000000
0.000000	540.000000	130200.000000	0.000000	1678603310.387924	0.000000
0.000000	540.000000	130247.000000	0.000000	1678603310.403057	0.000000
0.000000	540.000000	130194.000000	0.000000	1678603310.418191	0.000000
0.000000	540.000000	130179.000000	0.000000	1678603310.435557	0.000000
0.000000	540.000000	130163.000000	0.000000	1678603310.452923	0.000000
0.000000	540.000000	130137.000000	0.000000	1678603310.470290	0.000000
0.000000	541.000000	130140.000000	0.000000	1678603310.487656	0.000000
0.000000	539.000000	130145.000000	0.000000	1678603310.505022	0.000000
0.000000	540.000000	130160.000000	0.000000	1678603310.522389	0.000000
0.000000	540.000000	130062.000000	0.000000	1678603310.537350	0.000000
0.000000	540.000000	130082.000000	0.000000	1678603310.552311	0.000000
0.000000	540.000000	130096.000000	0.000000	1678603310.567272	0.000000
0.000000	540.000000	130118.000000	0.000000	1678603310.582233	0.000000
0.000000	542.000000	130097.000000	0.000000	1678603310.597194	0.000000
0.000000	540.000000	130096.000000	0.000000	1678603310.612156	0.000000
0.000000	539.000000	130105.000000	0.000000	1678603310.627331	0.000000
0.000000	539.000000	130081.000000	0.000000	1678603310.642506	0.000000
0.000000	539.000000	130071.000000	0.000000	1678603310.657681	0.000000
0.000000	538.000000	130115.000000	0.000000	1678603310.672856	0.000000
0.000000	539.000000	130139.000000	0.000000	1678603310.688032	0.000000
0.000000	540.000000	129997.000000	0.000000	1678603310.703207	0.000000
0.000000	538.000000	130136.000000	0.000000	1678603310.718023	0.000000
0.000000	538.000000	130104.000000	0.000000	1678603310.732839	0.000000
0.000000	540.000000	130107.000000	0.000000	1678603310.747655	0.000000
0.000000	539.000000	130087.000000	0.000000	1678603310.762471	0.000000
0.000000	539.000000	130099.000000	0.000000	1678603310.777287	0.000000
0.000000	539.000000	130099.000000	0.000000	1678603310.792103	0.000000
0.000000	540.000000	130150.000000	0.000000	1678603310.809418	0.000000
0.000000	539.000000	130161.000000	0.000000	1678603310.826732	0.000000
0.000000	540.000000	130155.000000	0.000000	1678603310.844046	0.000000
0.000000	541.000000	130144.000000	0.000000	1678603310.861361	0.000000
0.000000	540.000000	130170.000000	0.000000	1678603310.878675	0.000000
0.000000	540.000000	130178.000000	0.000000	1678603310.895989	0.000000
0.000000	540.000000	130187.000000	0.000000	1678603310.913583	0.000000
0.000000	542.000000	130170.000000	0.000000	1678603310.931176	0.000000
0.000000	540.000000	130158.000000	0.000000	1678603310.948770	0.000000
0.000000	538.000000	130213.000000	0.000000	1678603310.966363	0.000000
0.000000	539.000000	130208.000000	0.000000	1678603310.983957	0.000000
0.000000	540.000000	130245.000000	0.000000	1678603311.001550	0.000000
0.000000	539.000000	130264.000000	0.000000	1678603311.014134	0.000000
0.000000	540.000000	130272.000000	0.000000	1678603311.026718	0.000000
0.000000	540.000000	130252.000000	0.000000	1678603311.039302	0.000000
0.000000	540.000000	130262.000000	0.000000	1678603311.051886	0.000000
0.000000	539.000000	130285.000000	0.000000	1678603311.064470	0.000000
0.000000	539.000000	130244.000000	0.000000	1678603311.077055	0.000000
0.000000	539.000000	130294.000000	0.000000	1678603311.092288	0.000000
0.000000	540.000000	130263.000000	0.000000	1678603311.107522	0.000000
0.000000	540.000000	130211.000000	0.000000	1678603311.122756	0.000000
0.000000	541.000000	130209.000000	0.000000	1678603311.137989	0.000000
0.000000	540.000000	130184.000000	0.000000	1678603311.153223	0.000000
0.000000	541.000000	130207.000000	0.000000	1678603311.168457	0.000000
0.000000	541.000000	130177.000000	0.000000	1678603311.185843	0.000000
0.000000	540.000000	130216.000000	0.000000	1678603311.203230	0.000000
0.000000	539.000000	130204.000000	0.000000	1678603311.220616	0.000000
0.000000	541.000000	130197.000000	0.000000	1678603311.238003	0.000000
0.000000	541.000000	130131.000000	0.000000	1678603311.255389	0.000000
0.000000	541.000000	130162.000000	0.000000	1678603311.272776	0.000000
0.000000	540.000000	130134.000000	0.000000	1678603311.287984	0.000000
0.000000	541.000000	130174.000000	0.000000	1678603311.303192	0.000000
0.000000	541.000000	130113.000000	0.000000	1678603311.318400	0.000000
0.000000	540.000000	130171.000000	0.000000	1678603311.333609	0.000000
0.000000	540.000000	130166.000000	0.000000	1678603311.348817	0.000000
0.000000	540.000000	130181.000000	0.000000	1678603311.364025	0.000000
0.000000	540.000000	130176.000000	0.000000	1678603311.378721	0.000000
0.000000	542.000000	130161.000000	0.000000	1678603311.393416	0.000000
0.000000	539.000000	130148.000000	0.000000	1678603311.408112	0.000000
0.000000	541.000000	130164.000000	0.000000	1678603311.422808	0.000000
0.000000	540.000000	130174.000000	0.000000	1678603311.437504	0.000000
0.000000	540.000000	130184.000000	0.000000	1678603311.452199	0.000000
0.000000	540.000000	130171.000000	0.000000	1678603311.467432	0.000000
0.000000	540.000000	130226.000000	0.000000	1678603311.482664	0.000000
0.000000	541.000000	130234.000000	0.000000	1678603311.497896	0.000000
0.000000	542.000000	130211.000000	0.000000	1678603311.513128	0.000000
0.000000	540.000000	130246.000000	0.000000	1678603311.528360	0.000000
0.000000	540.000000	130252.000000	0.000000	1678603311.543592	0.000000
0.000000	542.000000	130255.000000	0.000000	1678603311.560493	0.000000
0.000000	541.000000	130222.000000	0.000000	1678603311.577394	0.000000
0.000000	541.000000	130216.000000	0.000000	1678603311.594296	0.000000
0.000000	542.000000	130242.000000	0.000000	1678603311.611197	0.000000
0.000000	542.000000	130230.000000	0.000000	1678603311.628098	0.000000
0.000000	542.000000	130277.000000	0.000000	1678603311.644999	0.000000
0.000000	542.000000	130279.000000	0.000000	1678603311.660482	0.000000
0.000000	541.000000	130300.000000	0.000000	1678603311.675966	0.000000
0.000000	541.000000	130289.000000	0.000000	1678603311.691450	0.000000
0.000000	541.000000	130310.000000	0.000000	1678603311.706933	0.000000
0.000000	541.000000	130263.000000	0.000000	1678603311.722417	0.000000
0.000000	542.000000	130279.000000	0.000000	1678603311.737900	0.000000
0.000000	542.000000	130353.000000	0.000000	1678603311.752768	0.000000
0.000000	541.000000	130337.000000	0.000000	1678603311.767636	0.000000
0.000000	542.000000	130318.000000	0.000000	1678603311.782504	0.000000
0.000000	542.000000	130330.000000	0.000000	1678603311.797372	0.000000
0.000000	540.000000	130336.000000	0.000000	1678603311.812239	0.000000
0.000000	542.000000	130395.000000	0.000000	1678603311.827107	0.000000
0.000000	543.000000	130356.000000	0.000000	1678603311.842263	0.000000
0.000000	541.000000	130420.000000	0.000000	1678603311.857418	0.000000
0.000000	543.000000	130390.000000	0.000000	1678603311.872573	0.000000
0.000000	543.000000	130348.000000	0.000000	1678603311.887728	0.000000
0.000000	542.000000	130350.000000	0.000000	1678603311.902884	0.000000
0.000000	543.000000	130364.000000	0.000000	1678603311.918039	0.000000
0.000000	543.000000	130342.000000	0.000000	1678603311.935276	0.000000
0.000000	542.000000	130362.000000	0.000000	1678603311.952512	0.000000
0.000000	542.000000	130348.000000	0.000000	1678603311.969748	0.000000
0.000000	543.000000	130388.000000	0.000000	1678603311.986985	0.000000
0.000000	542.000000	130300.000000	0.000000	1678603312.004221	0.000000
0.000000	542.000000	130325.000000	0.000000	1678603312.021458	0.000000
0.000000	541.000000	130365.000000	0.000000	1678603312.036646	0.000000
0.000000	541.000000	130318.000000	0.000000	1678603312.051834	0.000000
0.000000	542.000000	130356.000000	0.000000	1678603312.067022	0.000000
0.000000	542.000000	130362.000000	0.000000	1678603312.082210	0.000000
0.000000	542.000000	130356.000000	0.000000	1678603312.097398	0.000000
0.000000	542.000000	130341.000000	0.000000	1678603312.112586	0.000000
0.000000	542.000000	130397.000000	0.000000	1678603312.127753	0.000000
0.000000	540.000000	130355.000000	0.000000	1678603312.142920	0.000000
0.000000	542.000000	130364.000000	0.000000	1678603312.158087	0.000000
0.000000	541.000000	130374.000000	0.000000	1678603312.173254	0.000000
0.000000	541.000000	130350.000000	0.000000	1678603312.188421	0.000000
0.000000	542.000000	130403.000000	0.000000	1678603312.203588	0.000000
0.000000	543.000000	130437.000000	0.000000	1678603312.218342	0.000000
0.000000	542.000000	130406.000000	0.000000	1678603312.233095	0.000000
0.000000	543.000000	130445.000000	0.000000	1678603312.247849	0.000000
0.000000	544.000000	130376.000000	0.000000	1678603312.262604	0.000000
0.000000	542.000000	130460.000000	0.000000	1678603312.277357	0.000000
0.000000	543.000000	130481.000000	0.000000	1678603312.292111	0.000000
0.000000	544.000000	130433.000000	0.000000	1678603312.309509	0.000000
0.000000	543.000000	130430.000000	0.000000	1678603312.326907	0.000000
0.000000	543.000000	130456.000000	0.000000	1678603312.344304	0.000000
0.000000	542.000000	130500.000000	0.000000	1678603312.361702	0.000000
0.000000	543.000000	130513.000000	0.000000	1678603312.379100	0.000000
0.000000	543.000000	130498.000000	0.000000	1678603312.396497	0.000000
0.000000	542.000000	130545.000000	0.000000	1678603312.411597	0.000000
0.000000	543.000000	130522.000000	0.000000	1678603312.426696	0.000000
0.000000	543.000000	130575.000000	0.000000	1678603312.441795	0.000000
0.000000	543.000000	130509.000000	0.000000	1678603312.456894	0.000000
0.000000	544.000000	130534.000000	0.000000	1678603312.471993	0.000000
0.000000	543.000000	130525.000000	0.000000	1678603312.487092	0.000000
0.000000	544.000000	130609.000000	0.000000	1678603312.504504	0.000000
0.000000	543.000000	130547.000000	0.000000	1678603312.521915	0.000000
0.000000	544.000000	130573.000000	0.000000	1678603312.539326	0.000000
0.000000	543.000000	130588.000000	0.000000	1678603312.556737	0.000000
0.000000	543.000000	130605.000000	0.000000	1678603312.574149	0.000000
0.000000	543.000000	130628.000000	0.000000	1678603312.591560	0.000000
0.000000	543.000000	130635.000000	0.000000	1678603312.604494	0.000000
0.000000	543.000000	130666.000000	0.000000	1678603312.617428	0.000000
0.000000	544.000000	130599.000000	0.000000	1678603312.630361	0.000000
0.000000	543.000000	130638.000000	0.000000	1678603312.643295	0.000000
0.000000	543.000000	130614.000000	0.000000	1678603312.656229	0.000000
0.000000	543.000000	130594.000000	0.000000	1678603312.669163	0.000000
0.000000	542.000000	130603.000000	0.000000	1678603312.685926	0.000000
0.000000	543.000000	130586.000000	0.000000	1678603312.702690	0.000000
0.000000	542.000000	130530.000000	0.000000	1678603312.719454	0.000000
0.000000	543.000000	130557.000000	0.000000	1678603312.736218	0.000000
0.000000	543.000000	130544.000000	0.000000	1678603312.752981	0.000000
0.000000	543.000000	130550.000000	0.000000	1678603312.769745	0.000000
0.000000	543.000000	130523.000000	0.000000	1678603312.785373	0.000000
0.000000	542.000000	130565.000000	0.000000	1678603312.801001	0.000000
0.000000	543.000000	130517.000000	0.000000	1678603312.816629	0.000000
0.000000	542.000000	130502.000000	0.000000	1678603312.832258	0.000000
0.000000	541.000000	130549.000000	0.000000	1678603312.847886	0.000000
0.000000	541.000000	130582.000000	0.000000	1678603312.863514	0.000000
0.000000	543.000000	130564.000000	0.000000	1678603312.880674	0.000000
0.000000	541.000000	130575.000000	0.000000	1678603312.897835	0.000000
0.000000	542.000000	130573.000000	0.000000	1678603312.914995	0.000000
0.000000	542.000000	130558.000000	0.000000	1678603312.932156	0.000000
0.000000	542.000000	130565.000000	0.000000	1678603312.949316	0.000000
0.000000	543.000000	130580.000000	0.000000	1678603312.966477	0.000000
0.000000	543.000000	130595.000000	0.000000	1678603312.981237	0.000000
0.000000	544.000000	130602.000000	0.000000	1678603312.995997	0.000000
0.000000	544.000000	130612.000000	0.000000	1678603313.010758	0.000000
0.000000	543.000000	130632.000000	0.000000	1678603313.025518	0.000000
0.000000	543.000000	130577.000000	0.000000	1678603313.040279	0.000000
0.000000	543.000000	130640.000000	0.000000	1678603313.055039	0.000000
0.000000	542.000000	130591.000000	0.000000	1678603313.069871	0.000000
0.000000	542.000000	130657.000000	0.000000	1678603313.084704	0.000000
0.000000	542.000000	130677.000000	0.000000	1678603313.099536	0.000000
0.000000	541.000000	130684.000000	0.000000	1678603313.114369	0.000000
0.000000	541.000000	130719.000000	0.000000	1678603313.129201	0.000000
0.000000	542.000000	130619.000000	0.000000	1678603313.144033	0.000000
0.000000	541.000000	130663.000000	0.000000	1678603313.159582	0.000000
0.000000	542.000000	130665.000000	0.000000	1678603313.175131	0.000000
0.000000	542.000000	130715.000000	0.000000	1678603313.190680	0.000000
0.000000	542.000000	130694.000000	0.000000	1678603313.206229	0.000000
0.000000	542.000000	130704.000000	0.000000	1678603313.221777	0.000000
0.000000	542.000000	130667.000000	0.000000	1678603313.237326	0.000000
0.000000	542.000000	130702.000000	0.000000	1678603313.252313	0.000000
0.000000	540.000000	130734.000000	0.000000	1678603313.267300	0.000000
0.000000	542.000000	130678.000000	0.000000	1678603313.282286	0.000000
0.000000	542.000000	130714.000000	0.000000	1678603313.297273	0.000000
0.000000	543.000000	130767.000000	0.000000	1678603313.312260	0.000000
0.000000	543.000000	130758.000000	0.000000	1678603313.327246	0.000000
0.000000	544.000000	130778.000000	0.000000	1678603313.344247	0.000000
0.000000	541.000000	130755.000000	0.000000	1678603313.361247	0.000000
0.000000	543.000000	130748.000000	0.000000	1678603313.378248	0.000000
0.000000	543.000000	130739.000000	0.000000	1678603313.395248	0.000000
0.000000	542.000000	130757.000000	0.000000	1678603313.412248	0.000000
0.000000	542.000000	130691.000000	0.000000	1678603313.429249	0.000000
0.000000	541.000000	130706.000000	0.000000	1678603313.446917	0.000000
0.000000	542.000000	130632.000000	0.000000	1678603313.464584	0.000000
0.000000	542.000000	130665.000000	0.000000	1678603313.482252	0.000000
0.000000	541.000000	130632.000000	0.000000	1678603313.499920	0.000000
0.000000	542.000000	130594.000000	0.000000	1678603313.517588	0.000000
0.000000	542.000000	130603.000000	0.000000	1678603313.535256	0.000000
0.000000	543.000000	130607.000000	0.000000	1678603313.547947	0.000000
0.000000	542.000000	130625.000000	0.000000	1678603313.560639	0.000000
0.000000	540.000000	130601.000000	0.000000	1678603313.573330	0.000000
0.000000	542.000000	130604.000000	0.000000	1678603313.586022	0.000000
0.000000	542.000000	130601.000000	0.000000	1678603313.598714	0.000000
0.000000	542.000000	130597.000000	0.000000	1678603313.611405	0.000000
0.000000	542.000000	130580.000000	0.000000	1678603313.626520	0.000000
0.000000	542.000000	130550.000000	0.000000	1678603313.641634	0.000000
0.000000	542.000000	130588.000000	0.000000	1678603313.656749	0.000000
0.000000	542.000000	130581.000000	0.000000	1678603313.671864	0.000000
0.000000	542.000000	130558.000000	0.000000	1678603313.686978	0.000000
0.000000	541.000000	130569.000000	0.000000	1678603313.702093	0.000000
0.000000	542.000000	130590.000000	0.000000	1678603313.717118	0.000000
0.000000	542.000000	130588.000000	0.000000	1678603313.732142	0.000000
0.000000	543.000000	130580.000000	0.000000	1678603313.747167	0.000000
0.000000	542.000000	130592.000000	0.000000	1678603313.762192	0.000000
0.000000	542.000000	130555.000000	0.000000	1678603313.777217	0.000000
0.000000	540.000000	130551.000000	0.000000	1678603313.792242	0.000000
0.000000	543.000000	130590.000000	0.000000	1678603313.809527	0.000000
0.000000	542.000000	130580.000000	0.000000	1678603313.826812	0.000000
0.000000	543.000000	130612.000000	0.000000	1678603313.844097	0.000000
0.000000	542.000000	130593.000000	0.000000	1678603313.861382	0.000000
0.000000	542.000000	130589.000000	0.000000	1678603313.878668	0.000000
0.000000	542.000000	130560.000000	0.000000	1678603313.895953	0.000000
0.000000	541.000000	130634.000000	0.000000	1678603313.913556	0.000000
0.000000	542.000000	130582.000000	0.000000	1678603313.931159	0.000000
0.000000	542.000000	130609.000000	0.000000	1678603313.948761	0.000000
0.000000	543.000000	130590.000000	0.000000	1678603313.966365	0.000000
0.000000	543.000000	130574.000000	0.000000	1678603313.983968	0.000000
0.000000	543.000000	130601.000000	0.000000	1678603314.001570	0.000000
0.000000	543.000000	130640.000000	0.000000	1678603314.014174	0.000000
0.000000	542.000000	130620.000000	0.000000	1678603314.026778	0.000000
0.000000	544.000000	130602.000000	0.000000	1678603314.039382	0.000000
0.000000	543.000000	130580.000000	0.000000	1678603314.051986	0.000000
0.000000	543.000000	130630.000000	0.000000	1678603314.064590	0.000000
0.000000	543.000000	130595.000000	0.000000	1678603314.077194	0.000000
0.000000	542.000000	130562.000000	0.000000	1678603314.092248	0.000000
0.000000	542.000000	130583.000000	0.000000	1678603314.107302	0.000000
0.000000	541.000000	130496.000000	0.000000	1678603314.122355	0.000000
0.000000	541.000000	130524.000000	0.000000	1678603314.137409	0.000000
0.000000	541.000000	130476.000000	0.000000	1678603314.152463	0.000000
0.000000	542.000000	130421.000000	0.000000	1678603314.167517	0.000000
0.000000	544.000000	130383.000000	0.000000	1678603314.184721	0.000000
0.000000	542.000000	130386.000000	0.000000	1678603314.201925	0.000000
0.000000	544.000000	130356.000000	0.000000	1678603314.219129	0.000000
0.000000	543.000000	130372.000000	0.000000	1678603314.236332	0.000000
0.000000	543.000000	130349.000000	0.000000	1678603314.253536	0.000000
0.000000	543.000000	130293.000000	0.000000	1678603314.270740	0.000000
0.000000	543.000000	130308.000000	0.000000	1678603314.285848	0.000000
0.000000	543.000000	130319.000000	0.000000	1678603314.300956	0.000000
0.000000	544.000000	130256.000000	0.000000	1678603314.316064	0.000000
0.000000	544.000000	130270.000000	0.000000	1678603314.331172	0.000000
0.000000	545.000000	130286.000000	0.000000	1678603314.346280	0.000000
0.000000	543.000000	130286.000000	0.000000	1678603314.361387	0.000000
0.000000	544.000000	130211.000000	0.000000	1678603314.376575	0.000000
0.000000	544.000000	130270.000000	0.000000	1678603314.391762	0.000000
0.000000	544.000000	130280.000000	0.000000	1678603314.406949	0.000000
0.000000	544.000000	130261.000000	0.000000	1678603314.422136	0.000000
0.000000	546.000000	130256.000000	0.000000	1678603314.437323	0.000000
0.000000	545.000000	130305.000000	0.000000	1678603314.452510	0.000000
0.000000	545.000000	130302.000000	0.000000	1678603314.467456	0.000000
0.000000	544.000000	130273.000000	0.000000	1678603314.482402	0.000000
0.000000	544.000000	130309.000000	0.000000	1678603314.497347	0.000000
0.000000	543.000000	130325.000000	0.000000	1678603314.512293	0.000000
0.000000	544.000000	130332.000000	0.000000	1678603314.527239	0.000000
0.000000	546.000000	130346.000000	0.000000	1678603314.542185	0.000000
0.000000	545.000000	130383.000000	0.000000	1678603314.559229	0.000000
0.000000	546.000000	130336.000000	0.000000	1678603314.576273	0.000000
0.000000	545.000000	130354.000000	0.000000	1678603314.593317	0.000000
0.000000	543.000000	130438.000000	0.000000	1678603314.610361	0.000000
0.000000	547.000000	130403.000000	0.000000	1678603314.627405	0.000000
0.000000	546.000000	130333.000000	0.000000	1678603314.644449	0.000000
0.000000	545.000000	130483.000000	0.000000	1678603314.660406	0.000000
0.000000	546.000000	130433.000000	0.000000	1678603314.676363	0.000000
0.000000	546.000000	130484.000000	0.000000	1678603314.692320	0.000000
0.000000	546.000000	130482.000000	0.000000	1678603314.708277	0.000000
0.000000	545.000000	130480.000000	0.000000	1678603314.724235	0.000000
0.000000	545.000000	130530.000000	0.000000	1678603314.740192	0.000000
0.000000	545.000000	130551.000000	0.000000	1678603314.754910	0.000000
0.000000	546.000000	130543.000000	0.000000	1678603314.769629	0.000000
0.000000	546.000000	130473.000000	0.000000	1678603314.784347	0.000000
0.000000	547.000000	130578.000000	0.000000	1678603314.799066	0.000000
0.000000	545.000000	130557.000000	0.000000	1678603314.813784	0.000000
0.000000	546.000000	130569.000000	0.000000	1678603314.828503	0.000000
0.000000	546.000000	130543.000000	0.000000	1678603314.843539	0.000000
0.000000	546.000000	130590.000000	0.000000	1678603314.858574	0.000000
0.000000	546.000000	130611.000000	0.000000	1678603314.873610	0.000000
0.000000	546.000000	130590.000000	0.000000	1678603314.888646	0.000000
0.000000	545.000000	130577.000000	0.000000	1678603314.903682	0.000000
0.000000	545.000000	130569.000000	0.000000	1678603314.918718	0.000000
0.000000	544.000000	130649.000000	0.000000	1678603314.938225	0.000000
0.000000	545.000000	130631.000000	0.000000	1678603314.957733	0.000000
0.000000	545.000000	130640.000000	0.000000	1678603314.977241	0.000000
0.000000	544.000000	130610.000000	0.000000	1678603314.996748	0.000000
0.000000	547.000000	130592.000000	0.000000	1678603315.016256	0.000000
0.000000	546.000000	130612.000000	0.000000	1678603315.035764	0.000000
0.000000	546.000000	130630.000000	0.000000	1678603315.048425	0.000000
0.000000	547.000000	130554.000000	0.000000	1678603315.061087	0.000000
0.000000	546.000000	130606.000000	0.000000	1678603315.073749	0.000000
0.000000	547.000000	130577.000000	0.000000	1678603315.086411	0.000000
0.000000	545.000000	130548.000000	0.000000	1678603315.099073	0.000000
0.000000	545.000000	130580.000000	0.000000	1678603315.111735	0.000000
0.000000	547.000000	130544.000000	0.000000	1678603315.126989	0.000000
0.000000	545.000000	130553.000000	0.000000	1678603315.142242	0.000000
0.000000	544.000000	130533.000000	0.000000	1678603315.157496	0.000000
0.000000	546.000000	130531.000000	0.000000	1678603315.172750	0.000000
0.000000	546.000000	130491.000000	0.000000	1678603315.188003	0.000000
0.000000	545.000000	130544.000000	0.000000	1678603315.203257	0.000000
0.000000	545.000000	130539.000000	0.000000	1678603315.218110	0.000000
0.000000	545.000000	130540.000000	0.000000	1678603315.232962	0.000000
0.000000	544.000000	130546.000000	0.000000	1678603315.247815	0.000000
0.000000	544.000000	130540.000000	0.000000	1678603315.262667	0.000000
0.000000	543.000000	130488.000000	0.000000	1678603315.277520	0.000000
0.000000	542.000000	130500.000000	0.000000	1678603315.292373	0.000000
0.000000	541.000000	130533.000000	0.000000	1678603315.312090	0.000000
0.000000	543.000000	130552.000000	0.000000	1678603315.331807	0.000000
0.000000	543.000000	130532.000000	0.000000	1678603315.351525	0.000000
0.000000	542.000000	130522.000000	0.000000	1678603315.371242	0.000000
0.000000	543.000000	130503.000000	0.000000	1678603315.390959	0.000000
0.000000	543.000000	130576.000000	0.000000	1678603315.410676	0.000000
0.000000	542.000000	130639.000000	0.000000	1678603315.423490	0.000000
0.000000	541.000000	130582.000000	0.000000	1678603315.436304	0.000000
0.000000	542.000000	130582.000000	0.000000	1678603315.449118	0.000000
0.000000	540.000000	130624.000000	0.000000	1678603315.461931	0.000000
0.000000	543.000000	130601.000000	0.000000	1678603315.474745	0.000000
0.000000	541.000000	130597.000000	0.000000	1678603315.487559	0.000000
0.000000	542.000000	130594.000000	0.000000	1678603315.502963	0.000000
0.000000	541.000000	130637.000000	0.000000	1678603315.518367	0.000000
0.000000	541.000000	130623.000000	0.000000	1678603315.533771	0.000000
0.000000	542.000000	130644.000000	0.000000	1678603315.549175	0.000000
0.000000	541.000000	130607.000000	0.000000	1678603315.564579	0.000000
0.000000	541.000000	130654.000000	0.000000	1678603315.579983	0.000000
0.000000	541.000000	130668.000000	0.000000	1678603315.595067	0.000000
0.000000	541.000000	130643.000000	0.000000	1678603315.610151	0.000000
0.000000	542.000000	130705.000000	0.000000	1678603315.625235	0.000000
0.000000	543.000000	130705.000000	0.000000	1678603315.640318	0.000000
0.000000	542.000000	130643.000000	0.000000	1678603315.655402	0.000000
0.000000	543.000000	130726.000000	0.000000	1678603315.670486	0.000000
0.000000	541.000000	130735.000000	0.000000	1678603315.687020	0.000000
0.000000	542.000000	130706.000000	0.000000	1678603315.703553	0.000000
0.000000	541.000000	130717.000000	0.000000	1678603315.720087	0.000000
0.000000	541.000000	130742.000000	0.000000	1678603315.736621	0.000000
0.000000	542.000000	130694.000000	0.000000	1678603315.753155	0.000000
0.000000	541.000000	130737.000000	0.000000	1678603315.769689	0.000000
0.000000	541.000000	130777.000000	0.000000	1678603315.784989	0.000000
0.000000	542.000000	130747.000000	0.000000	1678603315.800290	0.000000
0.000000	541.000000	130773.000000	0.000000	1678603315.815591	0.000000
0.000000	542.000000	130797.000000	0.000000	1678603315.830892	0.000000
0.000000	539.000000	130759.000000	0.000000	1678603315.846193	0.000000
0.000000	541.000000	130820.000000	0.000000	1678603315.861494	0.000000
0.000000	541.000000	130812.000000	0.000000	1678603315.876759	0.000000
0.000000	540.000000	130854.000000	0.000000	1678603315.892023	0.000000
0.000000	540.000000	130830.000000	0.000000	1678603315.907288	0.000000
0.000000	541.000000	130877.000000	0.000000	1678603315.922553	0.000000
0.000000	540.000000	130844.000000	0.000000	1678603315.937818	0.000000
0.000000	541.000000	130853.000000	0.000000	1678603315.953083	0.000000
0.000000	540.000000	130815.000000	0.000000	1678603315.968372	0.000000
0.000000	541.000000	130861.000000	0.000000	1678603315.983661	0.000000
0.000000	540.000000	130799.000000	0.000000	1678603315.998950	0.000000
0.000000	539.000000	130845.000000	0.000000	1678603316.014239	0.000000
0.000000	541.000000	130813.000000	0.000000	1678603316.029528	0.000000
0.000000	540.000000	130798.000000	0.000000	1678603316.044817	0.000000
0.000000	541.000000	130777.000000	0.000000	1678603316.061429	0.000000
0.000000	540.000000	130810.000000	0.000000	1678603316.078040	0.000000
0.000000	541.000000	130755.000000	0.000000	1678603316.094652	0.000000
0.000000	541.000000	130786.000000	0.000000	1678603316.111264	0.000000
0.000000	540.000000	130757.000000	0.000000	1678603316.127875	0.000000
0.000000	540.000000	130735.000000	0.000000	1678603316.144487	0.000000
0.000000	540.000000	130782.000000	0.000000	1678603316.159944	0.000000
0.000000	540.000000	130789.000000	0.000000	1678603316.175401	0.000000
0.000000	540.000000	130804.000000	0.000000	1678603316.190858	0.000000
0.000000	541.000000	130802.000000	0.000000	1678603316.206315	0.000000
0.000000	540.000000	130760.000000	0.000000	1678603316.221771	0.000000
0.000000	541.000000	130814.000000	0.000000	1678603316.237228	0.000000
0.000000	539.000000	130809.000000	0.000000	1678603316.252404	0.000000
0.000000	539.000000	130797.000000	0.000000	1678603316.267580	0.000000
0.000000	540.000000	130805.000000	0.000000	1678603316.282756	0.000000
0.000000	540.000000	130828.000000	0.000000	1678603316.297931	0.000000
0.000000	540.000000	130829.000000	0.000000	1678603316.313107	0.000000
0.000000	539.000000	130844.000000	0.000000	1678603316.328283	0.000000
0.000000	538.000000	130796.000000	0.000000	1678603316.350290	0.000000
0.000000	541.000000	130855.000000	0.000000	1678603316.372298	0.000000
0.000000	540.000000	130823.000000	0.000000	1678603316.394305	0.000000
0.000000	539.000000	130806.000000	0.000000	1678603316.416312	0.000000
0.000000	540.000000	130853.000000	0.000000	1678603316.438319	0.000000
0.000000	541.000000	130879.000000	0.000000	1678603316.460326	0.000000
0.000000	541.000000	130856.000000	0.000000	1678603316.470166	0.000000
0.000000	541.000000	130843.000000	0.000000	1678603316.480005	0.000000
0.000000	541.000000	130903.000000	0.000000	1678603316.489844	0.000000
0.000000	540.000000	130920.000000	0.000000	1678603316.499683	0.000000
0.000000	540.000000	130853.000000	0.000000	1678603316.509523	0.000000
0.000000	540.000000	130934.000000	0.000000	1678603316.519362	0.000000
0.000000	541.000000	130949.000000	0.000000	1678603316.537221	0.000000
0.000000	539.000000	130951.000000	0.000000	1678603316.555081	0.000000
0.000000	540.000000	130945.000000	0.000000	1678603316.572940	0.000000
0.000000	540.000000	130919.000000	0.000000	1678603316.590799	0.000000
0.000000	540.000000	130917.000000	0.000000	1678603316.608659	0.000000
0.000000	540.000000	130967.000000	0.000000	1678603316.626518	0.000000
0.000000	540.000000	130944.000000	0.000000	1678603316.641185	0.000000
0.000000	539.000000	130996.000000	0.000000	1678603316.655851	0.000000
0.000000	540.000000	131011.000000	0.000000	1678603316.670517	0.000000
0.000000	540.000000	131008.000000	0.000000	1678603316.685184	0.000000
0.000000	540.000000	131031.000000	0.000000	1678603316.699850	0.000000
0.000000	541.000000	130977.000000	0.000000	1678603316.714517	0.000000
0.000000	539.000000	131057.000000	0.000000	1678603316.727510	0.000000
0.000000	541.000000	131068.000000	0.000000	1678603316.740503	0.000000
0.000000	541.000000	131030.000000	0.000000	1678603316.753495	0.000000
0.000000	541.000000	131040.000000	0.000000	1678603316.766488	0.000000
0.000000	542.000000	131049.000000	0.000000	1678603316.779481	0.000000
0.000000	541.000000	131067.000000	0.000000	1678603316.792474	0.000000
0.000000	543.000000	131078.000000	0.000000	1678603316.809689	0.000000
0.000000	542.000000	131110.000000	0.000000	1678603316.826904	0.000000
0.000000	542.000000	131096.000000	0.000000	1678603316.844119	0.000000
0.000000	541.000000	131101.000000	0.000000	1678603316.861333	0.000000
0.000000	543.000000	131111.000000	0.000000	1678603316.878548	0.000000
0.000000	542.000000	131152.000000	0.000000	1678603316.895763	0.000000
0.000000	542.000000	131155.000000	0.000000	1678603316.910998	0.000000
0.000000	542.000000	131140.000000	0.000000	1678603316.926232	0.000000
0.000000	541.000000	131133.000000	0.000000	1678603316.941467	0.000000
0.000000	542.000000	131167.000000	0.000000	1678603316.956701	0.000000
0.000000	540.000000	131137.000000	0.000000	1678603316.971936	0.000000
0.000000	540.000000	131140.000000	0.000000	1678603316.987170	0.000000
0.000000	541.000000	131148.000000	0.000000	1678603317.002200	0.000000
0.000000	542.000000	131126.000000	0.000000	1678603317.017229	0.000000
0.000000	542.000000	131113.000000	0.000000	1678603317.032258	0.000000
0.000000	542.000000	131136.000000	0.000000	1678603317.047287	0.000000
0.000000	542.000000	131128.000000	0.000000	1678603317.062316	0.000000
0.000000	542.000000	131113.000000	0.000000	1678603317.077345	0.000000
0.000000	542.000000	131067.000000	0.000000	1678603317.094832	0.000000
0.000000	543.000000	131084.000000	0.000000	1678603317.112319	0.000000
0.000000	542.000000	131066.000000	0.000000	1678603317.129805	0.000000
0.000000	542.000000	131129.000000	0.000000	1678603317.147292	0.000000
0.000000	543.000000	131090.000000	0.000000	1678603317.164779	0.000000
0.000000	543.000000	131067.000000	0.000000	1678603317.182265	0.000000
0.000000	543.000000	131134.000000	0.000000	1678603317.197684	0.000000
0.000000	544.000000	131105.000000	0.000000	1678603317.213102	0.000000
0.000000	543.000000	131111.000000	0.000000	1678603317.228520	0.000000
0.000000	543.000000	131095.000000	0.000000	1678603317.243938	0.000000
0.000000	542.000000	131116.000000	0.000000	1678603317.259356	0.000000
0.000000	543.000000	131138.000000	0.000000	1678603317.274775	0.000000
0.000000	542.000000	131117.000000	0.000000	1678603317.289218	0.000000
0.000000	543.000000	131134.000000	0.000000	1678603317.303661	0.000000
0.000000	542.000000	131151.000000	0.000000	1678603317.318104	0.000000
0.000000	541.000000	131186.000000	0.000000	1678603317.332548	0.000000
0.000000	544.000000	131114.000000	0.000000	1678603317.346991	0.000000
0.000000	542.000000	131110.000000	0.000000	1678603317.361434	0.000000
0.000000	542.000000	131147.000000	0.000000	1678603317.376634	0.000000
0.000000	543.000000	131143.000000	0.000000	1678603317.391834	0.000000
0.000000	543.000000	131165.000000	0.000000	1678603317.407034	0.000000
0.000000	542.000000	131176.000000	0.000000	1678603317.422234	0.000000
0.000000	544.000000	131193.000000	0.000000	1678603317.437434	0.000000
0.000000	542.000000	131174.000000	0.000000	1678603317.452634	0.000000
0.000000	545.000000	131205.000000	0.000000	1678603317.470230	0.000000
0.000000	545.000000	131217.000000	0.000000	1678603317.487826	0.000000
0.000000	544.000000	131180.000000	0.000000	1678603317.505423	0.000000
0.000000	544.000000	131229.000000	0.000000	1678603317.523019	0.000000
0.000000	544.000000	131250.000000	0.000000	1678603317.540615	0.000000
0.000000	543.000000	131218.000000	0.000000	1678603317.558211	0.000000
0.000000	543.000000	131239.000000	0.000000	1678603317.575010	0.000000
0.000000	544.000000	131277.000000	0.000000	1678603317.591809	0.000000
0.000000	544.000000	131281.000000	0.000000	1678603317.608608	0.000000
0.000000	545.000000	131275.000000	0.000000	1678603317.625407	0.000000
0.000000	542.000000	131289.000000	0.000000	1678603317.642206	0.000000
0.000000	543.000000	131277.000000	0.000000	1678603317.659005	0.000000
0.000000	543.000000	131308.000000	0.000000	1678603317.674203	0.000000
0.000000	545.000000	131328.000000	0.000000	1678603317.689401	0.000000
0.000000	543.000000	131307.000000	0.000000	1678603317.704599	0.000000
0.000000	544.000000	131312.000000	0.000000	1678603317.719797	0.000000
0.000000	543.000000	131339.000000	0.000000	1678603317.734995	0.000000
0.000000	544.000000	131348.000000	0.000000	1678603317.750193	0.000000
0.000000	542.000000	131342.000000	0.000000	1678603317.763038	0.000000
0.000000	543.000000	131346.000000	0.000000	1678603317.775883	0.000000
0.000000	542.000000	131323.000000	0.000000	1678603317.788728	0.000000
0.000000	544.000000	131395.000000	0.000000	1678603317.801574	0.000000
0.000000	544.000000	131375.000000	0.000000	1678603317.814419	0.000000
0.000000	543.000000	131399.000000	0.000000	1678603317.827264	0.000000
0.000000	544.000000	131419.000000	0.000000	1678603317.842259	0.000000
0.000000	543.000000	131395.000000	0.000000	1678603317.857254	0.000000
0.000000	545.000000	131360.000000	0.000000	1678603317.872249	0.000000
0.000000	545.000000	131361.000000	0.000000	1678603317.887244	0.000000
0.000000	544.000000	131361.000000	0.000000	1678603317.902239	0.000000
0.000000	544.000000	131361.000000	0.000000	1678603317.917234	0.000000
0.000000	544.000000	131361.000000	0.000000	1678603317.934902	0.000000
0.000000	543.000000	131333.000000	0.000000	1678603317.952571	0.000000
0.000000	545.000000	131342.000000	0.000000	1678603317.970239	0.000000
0.000000	543.000000	131340.000000	0.000000	1678603317.987908	0.000000
0.000000	544.000000	131258.000000	0.000000	1678603318.005576	0.000000
0.000000	543.000000	131258.000000	0.000000	1678603318.023245	0.000000
0.000000	544.000000	131279.000000	0.000000	1678603318.037932	0.000000
0.000000	543.000000	131316.000000	0.000000	1678603318.052619	0.000000
0.000000	544.000000	131280.000000	0.000000	1678603318.067306	0.000000
0.000000	542.000000	131277.000000	0.000000	1678603318.081993	0.000000
0.000000	545.000000	131248.000000	0.000000	1678603318.096680	0.000000
0.000000	544.000000	131274.000000	0.000000	1678603318.111367	0.000000
0.000000	542.000000	131239.000000	0.000000	1678603318.128382	0.000000
0.000000	544.000000	131226.000000	0.000000	1678603318.145397	0.000000
0.000000	544.000000	131259.000000	0.000000	1678603318.162412	0.000000
0.000000	545.000000	131265.000000	0.000000	1678603318.179426	0.000000
0.000000	546.000000	131158.000000	0.000000	1678603318.196441	0.000000
0.000000	545.000000	131227.000000	0.000000	1678603318.213456	0.000000
0.000000	545.000000	131205.000000	0.000000	1678603318.226713	0.000000
0.000000	545.000000	131238.000000	0.000000	1678603318.239970	0.000000
0.000000	544.000000	131210.000000	0.000000	1678603318.253227	0.000000
0.000000	545.000000	131232.000000	0.000000	1678603318.266484	0.000000
0.000000	546.000000	131225.000000	0.000000	1678603318.279741	0.000000
0.000000	545.000000	131182.000000	0.000000	1678603318.292998	0.000000
0.000000	545.000000	131179.000000	0.000000	1678603318.309818	0.000000
0.000000	544.000000	131208.000000	0.000000	1678603318.326637	0.000000
0.000000	544.000000	131183.000000	0.000000	1678603318.343456	0.000000
0.000000	545.000000	131223.000000	0.000000	1678603318.360275	0.000000
0.000000	544.000000	131191.000000	0.000000	1678603318.377094	0.000000
0.000000	545.000000	131222.000000	0.000000	1678603318.393914	0.000000
0.000000	544.000000	131179.000000	0.000000	1678603318.409405	0.000000
0.000000	544.000000	131198.000000	0.000000	1678603318.424897	0.000000
0.000000	544.000000	131228.000000	0.000000	1678603318.440388	0.000000
0.000000	544.000000	131204.000000	0.000000	1678603318.455880	0.000000
0.000000	543.000000	131171.000000	0.000000	1678603318.471371	0.000000
0.000000	545.000000	131204.000000	0.000000	1678603318.486863	0.000000
0.000000	543.000000	131234.000000	0.000000	1678603318.502183	0.000000
0.000000	545.000000	131239.000000	0.000000	1678603318.517503	0.000000
0.000000	545.000000	131196.000000	0.000000	1678603318.532823	0.000000
0.000000	545.000000	131243.000000	0.000000	1678603318.548142	0.000000
0.000000	545.000000	131205.000000	0.000000	1678603318.563462	0.000000
0.000000	545.000000	131208.000000	0.000000	1678603318.578782	0.000000
0.000000	546.000000	131218.000000	0.000000	1678603318.593891	0.000000
0.000000	545.000000	131188.000000	0.000000	1678603318.609000	0.000000
0.000000	545.000000	131219.000000	0.000000	1678603318.624109	0.000000
0.000000	545.000000	131281.000000	0.000000	1678603318.639218	0.000000
0.000000	544.000000	131212.000000	0.000000	1678603318.654327	0.000000
0.000000	545.000000	131246.000000	0.000000	1678603318.669436	0.000000
0.000000	547.000000	131236.000000	0.000000	1678603318.686033	0.000000
0.000000	545.000000	131226.000000	0.000000	1678603318.702631	0.000000
0.000000	545.000000	131241.000000	0.000000	1678603318.719228	0.000000
0.000000	544.000000	131241.000000	0.000000	1678603318.735825	0.000000
0.000000	544.000000	131175.000000	0.000000	1678603318.752422	0.000000
0.000000	545.000000	131169.000000	0.000000	1678603318.769019	0.000000
0.000000	544.000000	131192.000000	0.000000	1678603318.784427	0.000000
0.000000	544.000000	131143.000000	0.000000	1678603318.799835	0.000000
0.000000	545.000000	131156.000000	0.000000	1678603318.815244	0.000000
0.000000	543.000000	131147.000000	0.000000	1678603318.830652	0.000000
0.000000	543.000000	131065.000000	0.000000	1678603318.846060	0.000000
0.000000	544.000000	131083.000000	0.000000	1678603318.861468	0.000000
0.000000	544.000000	131045.000000	0.000000	1678603318.876657	0.000000
0.000000	545.000000	130989.000000	0.000000	1678603318.891845	0.000000
0.000000	544.000000	130992.000000	0.000000	1678603318.907034	0.000000
0.000000	544.000000	130960.000000	0.000000	1678603318.922222	0.000000
0.000000	545.000000	130887.000000	0.000000	1678603318.937411	0.000000
0.000000	544.000000	130906.000000	0.000000	1678603318.952600	0.000000
0.000000	545.000000	130852.000000	0.000000	1678603318.967711	0.000000
0.000000	543.000000	130868.000000	0.000000	1678603318.982823	0.000000
0.000000	544.000000	130813.000000	0.000000	1678603318.997935	0.000000
0.000000	544.000000	130844.000000	0.000000	1678603319.013047	0.000000
0.000000	544.000000	130807.000000	0.000000	1678603319.028159	0.000000
0.000000	545.000000	130788.000000	0.000000	1678603319.043270	0.000000
0.000000	542.000000	130825.000000	0.000000	1678603319.060494	0.000000
0.000000	544.000000	130783.000000	0.000000	1678603319.077718	0.000000
0.000000	543.000000	130774.000000	0.000000	1678603319.094942	0.000000
0.000000	543.000000	130755.000000	0.000000	1678603319.112165	0.000000
0.000000	544.000000	130710.000000	0.000000	1678603319.129389	0.000000
0.000000	544.000000	130688.000000	0.000000	1678603319.146613	0.000000
0.000000	544.000000	130721.000000	0.000000	1678603319.161656	0.000000
0.000000	543.000000	130720.000000	0.000000	1678603319.176699	0.000000
0.000000	544.000000	130674.000000	0.000000	1678603319.191741	0.000000
0.000000	543.000000	130702.000000	0.000000	1678603319.206784	0.000000
0.000000	545.000000	130691.000000	0.000000	1678603319.221827	0.000000
0.000000	544.000000	130666.000000	0.000000	1678603319.236870	0.000000
0.000000	544.000000	130727.000000	0.000000	1678603319.252157	0.000000
0.000000	546.000000	130678.000000	0.000000	1678603319.267444	0.000000
0.000000	543.000000	130630.000000	0.000000	1678603319.282731	0.000000
0.000000	544.000000	130673.000000	0.000000	1678603319.298018	0.000000
0.000000	545.000000	130645.000000	0.000000	1678603319.313305	0.000000
0.000000	544.000000	130675.000000	0.000000	1678603319.328592	0.000000
0.000000	544.000000	130670.000000	0.000000	1678603319.345385	0.000000
0.000000	544.000000	130668.000000	0.000000	1678603319.362178	0.000000
0.000000	544.000000	130656.000000	0.000000	1678603319.378970	0.000000
0.000000	544.000000	130641.000000	0.000000	1678603319.395763	0.000000
0.000000	544.000000	130644.000000	0.000000	1678603319.412556	0.000000
0.000000	544.000000	130683.000000	0.000000	1678603319.429348	0.000000
0.000000	544.000000	130674.000000	0.000000	1678603319.444502	0.000000
0.000000	543.000000	130634.000000	0.000000	1678603319.459655	0.000000
0.000000	545.000000	130657.000000	0.000000	1678603319.474808	0.000000
0.000000	543.000000	130674.000000	0.000000	1678603319.489961	0.000000
0.000000	543.000000	130646.000000	0.000000	1678603319.505114	0.000000
0.000000	545.000000	130630.000000	0.000000	1678603319.520267	0.000000
0.000000	542.000000	130610.000000	0.000000	1678603319.535267	0.000000
0.000000	543.000000	130658.000000	0.000000	1678603319.550267	0.000000
0.000000	545.000000	130650.000000	0.000000	1678603319.565267	0.000000
0.000000	544.000000	130645.000000	0.000000	1678603319.580267	0.000000
0.000000	545.000000	130640.000000	0.000000	1678603319.595267	0.000000
0.000000	545.000000	130657.000000	0.000000	1678603319.610267	0.000000
0.000000	543.000000	130652.000000	0.000000	1678603319.628334	0.000000
0.000000	545.000000	130590.000000	0.000000	1678603319.646400	0.000000
0.000000	544.000000	130592.000000	0.000000	1678603319.664467	0.000000
0.000000	544.000000	130548.000000	0.000000	1678603319.682533	0.000000
0.000000	545.000000	130548.000000	0.000000	1678603319.700600	0.000000
0.000000	545.000000	130508.000000	0.000000	1678603319.718666	0.000000
0.000000	543.000000	130499.000000	0.000000	1678603319.732856	0.000000
0.000000	544.000000	130467.000000	0.000000	1678603319.747046	0.000000
0.000000	544.000000	130411.000000	0.000000	1678603319.761235	0.000000
0.000000	544.000000	130412.000000	0.000000	1678603319.775425	0.000000
0.000000	545.000000	130348.000000	0.000000	1678603319.789615	0.000000
0.000000	544.000000	130305.000000	0.000000	1678603319.803805	0.000000
0.000000	544.000000	130259.000000	0.000000	1678603319.821338	0.000000
0.000000	545.000000	130271.000000	0.000000	1678603319.838871	0.000000
0.000000	544.000000	130245.000000	0.000000	1678603319.856404	0.000000
0.000000	542.000000	130160.000000	0.000000	1678603319.873937	0.000000
0.000000	544.000000	130137.000000	0.000000	1678603319.891471	0.000000
0.000000	544.000000	130163.000000	0.000000	1678603319.909004	0.000000
0.000000	542.000000	130134.000000	0.000000	1678603319.921919	0.000000
0.000000	544.000000	130073.000000	0.000000	1678603319.934834	0.000000
0.000000	544.000000	130124.000000	0.000000	1678603319.947749	0.000000
0.000000	544.000000	130139.000000	0.000000	1678603319.960664	0.000000
0.000000	544.000000	130082.000000	0.000000	1678603319.973579	0.000000
0.000000	543.000000	130060.000000	0.000000	1678603319.986494	0.000000
0.000000	544.000000	130041.000000	0.000000	1678603320.001899	0.000000
0.000000	544.000000	130006.000000	0.000000	1678603320.017305	0.000000
0.000000	544.000000	130091.000000	0.000000	1678603320.032712	0.000000
0.000000	543.000000	130075.000000	0.000000	1678603320.048117	0.000000
0.000000	543.000000	130024.000000	0.000000	1678603320.063523	0.000000
0.000000	543.000000	130041.000000	0.000000	1678603320.078929	0.000000
0.000000	543.000000	130025.000000	0.000000	1678603320.093642	0.000000
0.000000	542.000000	130071.000000	0.000000	1678603320.108356	0.000000
0.000000	543.000000	130020.000000	0.000000	1678603320.123069	0.000000
0.000000	544.000000	130024.000000	0.000000	1678603320.137783	0.000000
0.000000	544.000000	130062.000000	0.000000	1678603320.152496	0.000000
0.000000	545.000000	130025.000000	0.000000	1678603320.167209	0.000000
0.000000	542.000000	130015.000000	0.000000	1678603320.184540	0.000000
0.000000	543.000000	130032.000000	0.000000	1678603320.201871	0.000000
0.000000	544.000000	130019.000000	0.000000	1678603320.219202	0.000000
0.000000	543.000000	130008.000000	0.000000	1678603320.236533	0.000000
0.000000	543.000000	130026.000000	0.000000	1678603320.253864	0.000000
0.000000	545.000000	129993.000000	0.000000	1678603320.271195	0.000000
0.000000	543.000000	130014.000000	0.000000	1678603320.286693	0.000000
0.000000	544.000000	129986.000000	0.000000	1678603320.302191	0.000000
0.000000	544.000000	130055.000000	0.000000	1678603320.317690	0.000000
0.000000	544.000000	130036.000000	0.000000	1678603320.333189	0.000000
0.000000	542.000000	130030.000000	0.000000	1678603320.348687	0.000000
0.000000	543.000000	130088.000000	0.000000	1678603320.364185	0.000000
0.000000	543.000000	130069.000000	0.000000	1678603320.379124	0.000000
0.000000	544.000000	130083.000000	0.000000	1678603320.394063	0.000000
0.000000	543.000000	130099.000000	0.000000	1678603320.409002	0.000000
0.000000	545.000000	130075.000000	0.000000	1678603320.423941	0.000000
0.000000	544.000000	130080.000000	0.000000	1678603320.438880	0.000000
0.000000	544.000000	130092.000000	0.000000	1678603320.453819	0.000000
0.000000	544.000000	130125.000000	0.000000	1678603320.470815	0.000000
0.000000	543.000000	130106.000000	0.000000	1678603320.487811	0.000000
0.000000	542.000000	130120.000000	0.000000	1678603320.504807	0.000000
0.000000	543.000000	130091.000000	0.000000	1678603320.521803	0.000000
0.000000	543.000000	130077.000000	0.000000	1678603320.538799	0.000000
0.000000	543.000000	130113.000000	0.000000	1678603320.555794	0.000000
0.000000	542.000000	130066.000000	0.000000	1678603320.570481	0.000000
0.000000	543.000000	130043.000000	0.000000	1678603320.585167	0.000000
0.000000	545.000000	130037.000000	0.000000	1678603320.599854	0.000000
0.000000	543.000000	130031.000000	0.000000	1678603320.614540	0.000000
0.000000	544.000000	129998.000000	0.000000	1678603320.629226	0.000000
0.000000	545.000000	129899.000000	0.000000	1678603320.643912	0.000000
0.000000	544.000000	129909.000000	0.000000	1678603320.659353	0.000000
0.000000	545.000000	129897.000000	0.000000	1678603320.674793	0.000000
0.000000	544.000000	129863.000000	0.000000	1678603320.690234	0.000000
0.000000	543.000000	129836.000000	0.000000	1678603320.705675	0.000000
0.000000	543.000000	129840.000000	0.000000	1678603320.721115	0.000000
0.000000	544.000000	129785.000000	0.000000	1678603320.736556	0.000000
0.000000	543.000000	129839.000000	0.000000	1678603320.751718	0.000000
0.000000	543.000000	129784.000000	0.000000	1678603320.766880	0.000000
0.000000	543.000000	129781.000000	0.000000	1678603320.782042	0.000000
0.000000	544.000000	129765.000000	0.000000	1678603320.797203	0.000000
0.000000	543.000000	129789.000000	0.000000	1678603320.812365	0.000000
0.000000	544.000000	129754.000000	0.000000	1678603320.827527	0.000000
0.000000	543.000000	129741.000000	0.000000	1678603320.842483	0.000000
0.000000	542.000000	129751.000000	0.000000	1678603320.857440	0.000000
0.000000	544.000000	129725.000000	0.000000	1678603320.872396	0.000000
0.000000	543.000000	129743.000000	0.000000	1678603320.887353	0.000000
0.000000	545.000000	129743.000000	0.000000	1678603320.902309	0.000000
0.000000	544.000000	129746.000000	0.000000	1678603320.917266	0.000000
0.000000	544.000000	129709.000000	0.000000	1678603320.934391	0.000000
0.000000	543.000000	129728.000000	0.000000	1678603320.951517	0.000000
0.000000	544.000000	129766.000000	0.000000	1678603320.968642	0.000000
0.000000	544.000000	129713.000000	0.000000	1678603320.985768	0.000000
0.000000	544.000000	129712.000000	0.000000	1678603321.002893	0.000000
0.000000	545.000000	129738.000000	0.000000	1678603321.020019	0.000000
0.000000	544.000000	129746.000000	0.000000	1678603321.035443	0.000000
0.000000	544.000000	129730.000000	0.000000	1678603321.050868	0.000000
0.000000	544.000000	129743.000000	0.000000	1678603321.066292	0.000000
0.000000	545.000000	129783.000000	0.000000	1678603321.081716	0.000000
0.000000	544.000000	129761.000000	0.000000	1678603321.097141	0.000000
0.000000	543.000000	129795.000000	0.000000	1678603321.112565	0.000000
0.000000	545.000000	129816.000000	0.000000	1678603321.127533	0.000000
0.000000	543.000000	129801.000000	0.000000	1678603321.142502	0.000000
0.000000	543.000000	129793.000000	0.000000	1678603321.157470	0.000000
0.000000	543.000000	129815.000000	0.000000	1678603321.172438	0.000000
0.000000	544.000000	129824.000000	0.000000	1678603321.187407	0.000000
0.000000	544.000000	129776.000000	0.000000	1678603321.202375	0.000000
0.000000	543.000000	129852.000000	0.000000	1678603321.219975	0.000000
0.000000	543.000000	129868.000000	0.000000	1678603321.237574	0.000000
0.000000	544.000000	129872.000000	0.000000	1678603321.255173	0.000000
0.000000	542.000000	129885.000000	0.000000	1678603321.272773	0.000000
0.000000	544.000000	129911.000000	0.000000	1678603321.290372	0.000000
0.000000	543.000000	129937.000000	0.000000	1678603321.307972	0.000000
0.000000	543.000000	129946.000000	0.000000	1678603321.322322	0.000000
0.000000	543.000000	129904.000000	0.000000	1678603321.336673	0.000000
0.000000	544.000000	129962.000000	0.000000	1678603321.351024	0.000000
0.000000	543.000000	129959.000000	0.000000	1678603321.365375	0.000000
0.000000	544.000000	129976.000000	0.000000	1678603321.379725	0.000000
0.000000	545.000000	129959.000000	0.000000	1678603321.394076	0.000000
0.000000	546.000000	129977.000000	0.000000	1678603321.409503	0.000000
0.000000	546.000000	130004.000000	0.000000	1678603321.424929	0.000000
0.000000	545.000000	129956.000000	0.000000	1678603321.440355	0.000000
0.000000	545.000000	129946.000000	0.000000	1678603321.455781	0.000000
0.000000	545.000000	129951.000000	0.000000	1678603321.471208	0.000000
0.000000	545.000000	129958.000000	0.000000	1678603321.486634	0.000000
0.000000	544.000000	129951.000000	0.000000	1678603321.502015	0.000000
0.000000	544.000000	129929.000000	0.000000	1678603321.517396	0.000000
0.000000	542.000000	129879.000000	0.000000	1678603321.532777	0.000000
0.000000	545.000000	129909.000000	0.000000	1678603321.548159	0.000000
0.000000	543.000000	129871.000000	0.000000	1678603321.563540	0.000000
0.000000	545.000000	129840.000000	0.000000	1678603321.578921	0.000000
0.000000	543.000000	129865.000000	0.000000	1678603321.596387	0.000000
0.000000	543.000000	129817.000000	0.000000	1678603321.613853	0.000000
0.000000	545.000000	129869.000000	0.000000	1678603321.631318	0.000000
0.000000	544.000000	129863.000000	0.000000	1678603321.648784	0.000000
0.000000	544.000000	129838.000000	0.000000	1678603321.666250	0.000000
0.000000	545.000000	129816.000000	0.000000	1678603321.683716	0.000000
0.000000	545.000000	129849.000000	0.000000	1678603321.697904	0.000000
0.000000	545.000000	129832.000000	0.000000	1678603321.712092	0.000000
0.000000	544.000000	129837.000000	0.000000	1678603321.726280	0.000000
0.000000	546.000000	129854.000000	0.000000	1678603321.740468	0.000000
0.000000	544.000000	129833.000000	0.000000	1678603321.754656	0.000000
0.000000	544.000000	129847.000000	0.000000	1678603321.768844	0.000000
0.000000	545.000000	129840.000000	0.000000	1678603321.784577	0.000000
0.000000	545.000000	129861.000000	0.000000	1678603321.800310	0.000000
0.000000	544.000000	129835.000000	0.000000	1678603321.816042	0.000000
0.000000	544.000000	129908.000000	0.000000	1678603321.831775	0.000000
0.000000	543.000000	129862.000000	0.000000	1678603321.847508	0.000000
0.000000	544.000000	129886.000000	0.000000	1678603321.863241	0.000000
0.000000	543.000000	129917.000000	0.000000	1678603321.880574	0.000000
0.000000	544.000000	129913.000000	0.000000	1678603321.897908	0.000000
0.000000	545.000000	129900.000000	0.000000	1678603321.915242	0.000000
0.000000	545.000000	129921.000000	0.000000	1678603321.932575	0.000000
0.000000	545.000000	129980.000000	0.000000	1678603321.949909	0.000000
0.000000	543.000000	129948.000000	0.000000	1678603321.967242	0.000000
0.000000	542.000000	129935.000000	0.000000	1678603321.982483	0.000000
0.000000	543.000000	129967.000000	0.000000	1678603321.997723	0.000000
0.000000	544.000000	130010.000000	0.000000	1678603322.012964	0.000000
0.000000	545.000000	129950.000000	0.000000	1678603322.028204	0.000000
0.000000	544.000000	130009.000000	0.000000	1678603322.043445	0.000000
0.000000	544.000000	130009.000000	0.000000	1678603322.058685	0.000000
0.000000	545.000000	130019.000000	0.000000	1678603322.075361	0.000000
0.000000	545.000000	130037.000000	0.000000	1678603322.092037	0.000000
0.000000	544.000000	130026.000000	0.000000	1678603322.108714	0.000000
0.000000	546.000000	130101.000000	0.000000	1678603322.125390	0.000000
0.000000	545.000000	130024.000000	0.000000	1678603322.142066	0.000000
0.000000	543.000000	130082.000000	0.000000	1678603322.158742	0.000000
0.000000	545.000000	130087.000000	0.000000	1678603322.171660	0.000000
0.000000	545.000000	130121.000000	0.000000	1678603322.184578	0.000000
0.000000	544.000000	130100.000000	0.000000	1678603322.197497	0.000000
0.000000	543.000000	130092.000000	0.000000	1678603322.210415	0.000000
0.000000	543.000000	130140.000000	0.000000	1678603322.223334	0.000000
0.000000	545.000000	130119.000000	0.000000	1678603322.236252	0.000000
0.000000	544.000000	130175.000000	0.000000	1678603322.251633	0.000000
0.000000	544.000000	130166.000000	0.000000	1678603322.267014	0.000000
0.000000	544.000000	130213.000000	0.000000	1678603322.282395	0.000000
0.000000	543.000000	130203.000000	0.000000	1678603322.297776	0.000000
0.000000	542.000000	130187.000000	0.000000	1678603322.313157	0.000000
0.000000	544.000000	130178.000000	0.000000	1678603322.328538	0.000000
0.000000	542.000000	130147.000000	0.000000	1678603322.343474	0.000000
0.000000	544.000000	130112.000000	0.000000	1678603322.358410	0.000000
0.000000	545.000000	130166.000000	0.000000	1678603322.373346	0.000000
0.000000	544.000000	130192.000000	0.000000	1678603322.388282	0.000000
0.000000	543.000000	130207.000000	0.000000	1678603322.403218	0.000000
0.000000	544.000000	130138.000000	0.000000	1678603322.418154	0.000000
0.000000	545.000000	130154.000000	0.000000	1678603322.435045	0.000000
0.000000	544.000000	130129.000000	0.000000	1678603322.451936	0.000000
0.000000	544.000000	130156.000000	0.000000	1678603322.468827	0.000000
0.000000	544.000000	130155.000000	0.000000	1678603322.485718	0.000000
0.000000	545.000000	130153.000000	0.000000	1678603322.502609	0.000000
0.000000	543.000000	130133.000000	0.000000	1678603322.519500	0.000000
0.000000	544.000000	130111.000000	0.000000	1678603322.534857	0.000000
0.000000	543.000000	130181.000000	0.000000	1678603322.550214	0.000000
0.000000	544.000000	130177.000000	0.000000	1678603322.565570	0.000000
0.000000	543.000000	130082.000000	0.000000	1678603322.580927	0.000000
0.000000	543.000000	130149.000000	0.000000	1678603322.596283	0.000000
0.000000	544.000000	130111.000000	0.000000	1678603322.611640	0.000000
0.000000	544.000000	130158.000000	0.000000	1678603322.626889	0.000000
0.000000	544.000000	130140.000000	0.000000	1678603322.642138	0.000000
0.000000	544.000000	130213.000000	0.000000	1678603322.657387	0.000000
0.000000	542.000000	130173.000000	0.000000	1678603322.672636	0.000000
0.000000	544.000000	130162.000000	0.000000	1678603322.687885	0.000000
0.000000	544.000000	130205.000000	0.000000	1678603322.703134	0.000000
0.000000	544.000000	130212.000000	0.000000	1678603322.722861	0.000000
0.000000	544.000000	130230.000000	0.000000	1678603322.742588	0.000000
0.000000	544.000000	130229.000000	0.000000	1678603322.762315	0.000000
0.000000	545.000000	130230.000000	0.000000	1678603322.782042	0.000000
0.000000	544.000000	130241.000000	0.000000	1678603322.801769	0.000000
0.000000	544.000000	130231.000000	0.000000	1678603322.821495	0.000000
0.000000	545.000000	130282.000000	0.000000	1678603322.833574	0.000000
0.000000	545.000000	130242.000000	0.000000	1678603322.845652	0.000000
0.000000	544.000000	130241.000000	0.000000	1678603322.857730	0.000000
0.000000	545.000000	130296.000000	0.000000	1678603322.869809	0.000000
0.000000	544.000000	130268.000000	0.000000	1678603322.881887	0.000000
0.000000	545.000000	130276.000000	0.000000	1678603322.893965	0.000000
0.000000	543.000000	130314.000000	0.000000	1678603322.909398	0.000000
0.000000	544.000000	130328.000000	0.000000	1678603322.924830	0.000000
0.000000	544.000000	130346.000000	0.000000	1678603322.940263	0.000000
0.000000	544.000000	130321.000000	0.000000	1678603322.955695	0.000000
0.000000	543.000000	130336.000000	0.000000	1678603322.971127	0.000000
0.000000	544.000000	130342.000000	0.000000	1678603322.986560	0.000000
0.000000	544.000000	130407.000000	0.000000	1678603323.001739	0.000000
0.000000	543.000000	130401.000000	0.000000	1678603323.016917	0.000000
0.000000	544.000000	130373.000000	0.000000	1678603323.032096	0.000000
0.000000	543.000000	130411.000000	0.000000	1678603323.047275	0.000000
0.000000	544.000000	130415.000000	0.000000	1678603323.062454	0.000000
0.000000	545.000000	130401.000000	0.000000	1678603323.077632	0.000000
0.000000	545.000000	130461.000000	0.000000	1678603323.092768	0.000000
0.000000	544.000000	130429.000000	0.000000	1678603323.107904	0.000000
0.000000	543.000000	130449.000000	0.000000	1678603323.123039	0.000000
0.000000	545.000000	130482.000000	0.000000	1678603323.138175	0.000000
0.000000	543.000000	130430.000000	0.000000	1678603323.153311	0.000000
0.000000	545.000000	130480.000000	0.000000	1678603323.168446	0.000000
0.000000	544.000000	130494.000000	0.000000	1678603323.188414	0.000000
0.000000	544.000000	130510.000000	0.000000	1678603323.208381	0.000000
0.000000	544.000000	130483.000000	0.000000	1678603323.228349	0.000000
0.000000	544.000000	130513.000000	0.000000	1678603323.248317	0.000000
0.000000	543.000000	130461.000000	0.000000	1678603323.268285	0.000000
0.000000	544.000000	130445.000000	0.000000	1678603323.288252	0.000000
0.000000	545.000000	130493.000000	0.000000	1678603323.300459	0.000000
0.000000	543.000000	130495.000000	0.000000	1678603323.312666	0.000000
0.000000	544.000000	130511.000000	0.000000	1678603323.324872	0.000000
0.000000	543.000000	130455.000000	0.000000	1678603323.337079	0.000000
0.000000	543.000000	130432.000000	0.000000	1678603323.349286	0.000000
0.000000	543.000000	130450.000000	0.000000	1678603323.361493	0.000000
0.000000	544.000000	130470.000000	0.000000	1678603323.379103	0.000000
0.000000	543.000000	130438.000000	0.000000	1678603323.396714	0.000000
0.000000	544.000000	130447.000000	0.000000	1678603323.414325	0.000000
0.000000	544.000000	130391.000000	0.000000	1678603323.431936	0.000000
0.000000	543.000000	130427.000000	0.000000	1678603323.449547	0.000000
0.000000	544.000000	130431.000000	0.000000	1678603323.467158	0.000000
0.000000	544.000000	130440.000000	0.000000	1678603323.482026	0.000000
0.000000	544.000000	130453.000000	0.000000	1678603323.496895	0.000000
0.000000	543.000000	130429.000000	0.000000	1678603323.511763	0.000000
0.000000	544.000000	130467.000000	0.000000	1678603323.526631	0.000000
0.000000	544.000000	130447.000000	0.000000	1678603323.541500	0.000000
0.000000	544.000000	130417.000000	0.000000	1678603323.556368	0.000000
0.000000	544.000000	130458.000000	0.000000	1678603323.574058	0.000000
0.000000	543.000000	130501.000000	0.000000	1678603323.591748	0.000000
0.000000	544.000000	130456.000000	0.000000	1678603323.609439	0.000000
0.000000	543.000000	130470.000000	0.000000	1678603323.627129	0.000000
0.000000	543.000000	130475.000000	0.000000	1678603323.644819	0.000000
0.000000	543.000000	130484.000000	0.000000	1678603323.662509	0.000000
0.000000	544.000000	130517.000000	0.000000	1678603323.675252	0.000000
0.000000	543.000000	130510.000000	0.000000	1678603323.687995	0.000000
0.000000	542.000000	130552.000000	0.000000	1678603323.700738	0.000000
0.000000	545.000000	130525.000000	0.000000	1678603323.713481	0.000000
0.000000	543.000000	130547.000000	0.000000	1678603323.726224	0.000000
0.000000	544.000000	130561.000000	0.000000	1678603323.738967	0.000000
0.000000	544.000000	130558.000000	0.000000	1678603323.756229	0.000000
0.000000	544.000000	130559.000000	0.000000	1678603323.773491	0.000000
0.000000	544.000000	130586.000000	0.000000	1678603323.790754	0.000000
0.000000	543.000000	130579.000000	0.000000	1678603323.808016	0.000000
0.000000	544.000000	130590.000000	0.000000	1678603323.825278	0.000000
0.000000	544.000000	130622.000000	0.000000	1678603323.842541	0.000000
0.000000	543.000000	130642.000000	0.000000	1678603323.855143	0.000000
0.000000	544.000000	130619.000000	0.000000	1678603323.867746	0.000000
0.000000	543.000000	130610.000000	0.000000	1678603323.880349	0.000000
0.000000	545.000000	130610.000000	0.000000	1678603323.892951	0.000000
0.000000	545.000000	130661.000000	0.000000	1678603323.905554	0.000000
0.000000	543.000000	130634.000000	0.000000	1678603323.918157	0.000000
0.000000	544.000000	130654.000000	0.000000	1678603323.935159	0.000000
0.000000	543.000000	130652.000000	0.000000	1678603323.952162	0.000000
0.000000	543.000000	130670.000000	0.000000	1678603323.969164	0.000000
0.000000	543.000000	130689.000000	0.000000	1678603323.986166	0.000000
0.000000	543.000000	130666.000000	0.000000	1678603324.003168	0.000000
0.000000	543.000000	130600.000000	0.000000	1678603324.020170	0.000000
0.000000	542.000000	130670.000000	0.000000	1678603324.035413	0.000000
0.000000	542.000000	130641.000000	0.000000	1678603324.050655	0.000000
0.000000	544.000000	130695.000000	0.000000	1678603324.065898	0.000000
0.000000	544.000000	130709.000000	0.000000	1678603324.081140	0.000000
0.000000	545.000000	130762.000000	0.000000	1678603324.096383	0.000000
0.000000	544.000000	130725.000000	0.000000	1678603324.111625	0.000000
0.000000	545.000000	130752.000000	0.000000	1678603324.129462	0.000000
0.000000	544.000000	130744.000000	0.000000	1678603324.147299	0.000000
0.000000	545.000000	130771.000000	0.000000	1678603324.165135	0.000000
0.000000	545.000000	130795.000000	0.000000	1678603324.182972	0.000000
0.000000	545.000000	130769.000000	0.000000	1678603324.200809	0.000000
0.000000	545.000000	130792.000000	0.000000	1678603324.218646	0.000000
0.000000	546.000000	130746.000000	0.000000	1678603324.230931	0.000000
0.000000	546.000000	130758.000000	0.000000	1678603324.243216	0.000000
0.000000	544.000000	130706.000000	0.000000	1678603324.255502	0.000000
0.000000	544.000000	130765.000000	0.000000	1678603324.267787	0.000000
0.000000	545.000000	130747.000000	0.000000	1678603324.280072	0.000000
0.000000	544.000000	130637.000000	0.000000	1678603324.292357	0.000000
0.000000	544.000000	130690.000000	0.000000	1678603324.309859	0.000000
0.000000	543.000000	130738.000000	0.000000	1678603324.327361	0.000000
0.000000	544.000000	130659.000000	0.000000	1678603324.344862	0.000000
0.000000	544.000000	130701.000000	0.000000	1678603324.362364	0.000000
0.000000	544.000000	130688.000000	0.000000	1678603324.379866	0.000000
0.000000	544.000000	130635.000000	0.000000	1678603324.397367	0.000000
0.000000	544.000000	130607.000000	0.000000	1678603324.412272	0.000000
0.000000	543.000000	130627.000000	0.000000	1678603324.427177	0.000000
0.000000	545.000000	130631.000000	0.000000	1678603324.442082	0.000000
0.000000	545.000000	130655.000000	0.000000	1678603324.456986	0.000000
0.000000	544.000000	130625.000000	0.000000	1678603324.471891	0.000000
0.000000	544.000000	130636.000000	0.000000	1678603324.486796	0.000000
0.000000	545.000000	130646.000000	0.000000	1678603324.501906	0.000000
0.000000	546.000000	130620.000000	0.000000	1678603324.517016	0.000000
0.000000	545.000000	130627.000000	0.000000	1678603324.532125	0.000000
0.000000	545.000000	130668.000000	0.000000	1678603324.547235	0.000000
0.000000	545.000000	130647.000000	0.000000	1678603324.562345	0.000000
0.000000	544.000000	130639.000000	0.000000	1678603324.577455	0.000000
0.000000	545.000000	130673.000000	0.000000	1678603324.592776	0.000000
0.000000	542.000000	130644.000000	0.000000	1678603324.608098	0.000000
0.000000	544.000000	130691.000000	0.000000	1678603324.623419	0.000000
0.000000	543.000000	130640.000000	0.000000	1678603324.638740	0.000000
0.000000	545.000000	130673.000000	0.000000	1678603324.654061	0.000000
0.000000	544.000000	130672.000000	0.000000	1678603324.669382	0.000000
0.000000	543.000000	130665.000000	0.000000	1678603324.686548	0.000000
0.000000	545.000000	130629.000000	0.000000	1678603324.703714	0.000000
0.000000	545.000000	130644.000000	0.000000	1678603324.720879	0.000000
0.000000	543.000000	130712.000000	0.000000	1678603324.738045	0.000000
0.000000	544.000000	130709.000000	0.000000	1678603324.755211	0.000000
0.000000	545.000000	130651.000000	0.000000	1678603324.772376	0.000000
0.000000	545.000000	130700.000000	0.000000	1678603324.787311	0.000000
0.000000	544.000000	130720.000000	0.000000	1678603324.802245	0.000000
0.000000	545.000000	130718.000000	0.000000	1678603324.817180	0.000000
0.000000	543.000000	130713.000000	0.000000	1678603324.832114	0.000000
0.000000	544.000000	130716.000000	0.000000	1678603324.847049	0.000000
0.000000	545.000000	130725.000000	0.000000	1678603324.861983	0.000000
0.000000	545.000000	130737.000000	0.000000	1678603324.877046	0.000000
0.000000	544.000000	130721.000000	0.000000	1678603324.892109	0.000000
0.000000	544.000000	130734.000000	0.000000	1678603324.907172	0.000000
0.000000	546.000000	130722.000000	0.000000	1678603324.922234	0.000000
0.000000	544.000000	130770.000000	0.000000	1678603324.937297	0.000000
0.000000	544.000000	130764.000000	0.000000	1678603324.952360	0.000000
0.000000	544.000000	130785.000000	0.000000	1678603324.967523	0.000000
0.000000	544.000000	130736.000000	0.000000	1678603324.982687	0.000000
0.000000	544.000000	130774.000000	0.000000	1678603324.997850	0.000000
0.000000	543.000000	130779.000000	0.000000	1678603325.013013	0.000000
0.000000	544.000000	130752.000000	0.000000	1678603325.028177	0.000000
0.000000	544.000000	130772.000000	0.000000	1678603325.043340	0.000000
0.000000	545.000000	130825.000000	0.000000	1678603325.058392	0.000000
0.000000	544.000000	130795.000000	0.000000	1678603325.073444	0.000000
0.000000	544.000000	130769.000000	0.000000	1678603325.088497	0.000000
0.000000	544.000000	130828.000000	0.000000	1678603325.103549	0.000000
0.000000	543.000000	130816.000000	0.000000	1678603325.118601	0.000000
0.000000	544.000000	130787.000000	0.000000	1678603325.133653	0.000000
0.000000	545.000000	130807.000000	0.000000	1678603325.153634	0.000000
0.000000	545.000000	130826.000000	0.000000	1678603325.173615	0.000000
0.000000	545.000000	130798.000000	0.000000	1678603325.193595	0.000000
0.000000	545.000000	130807.000000	0.000000	1678603325.213576	0.000000
0.000000	546.000000	130780.000000	0.000000	1678603325.233557	0.000000
0.000000	544.000000	130766.000000	0.000000	1678603325.253538	0.000000
0.000000	544.000000	130747.000000	0.000000	1678603325.266068	0.000000
0.000000	544.000000	130756.000000	0.000000	1678603325.278598	0.000000
0.000000	544.000000	130746.000000	0.000000	1678603325.291128	0.000000
0.000000	545.000000	130685.000000	0.000000	1678603325.303658	0.000000
0.000000	544.000000	130676.000000	0.000000	1678603325.316189	0.000000
0.000000	544.000000	130621.000000	0.000000	1678603325.328719	0.000000
0.000000	544.000000	130618.000000	0.000000	1678603325.343670	0.000000
0.000000	542.000000	130614.000000	0.000000	1678603325.358621	0.000000
0.000000	544.000000	130570.000000	0.000000	1678603325.373572	0.000000
0.000000	544.000000	130557.000000	0.000000	1678603325.388523	0.000000
0.000000	544.000000	130562.000000	0.000000	1678603325.403473	0.000000
0.000000	544.000000	130529.000000	0.000000	1678603325.418424	0.000000
0.000000	543.000000	130577.000000	0.000000	1678603325.433708	0.000000
0.000000	544.000000	130523.000000	0.000000	1678603325.448992	0.000000
0.000000	544.000000	130533.000000	0.000000	1678603325.464276	0.000000
0.000000	544.000000	130484.000000	0.000000	1678603325.479560	0.000000
0.000000	542.000000	130493.000000	0.000000	1678603325.494844	0.000000
0.000000	543.000000	130468.000000	0.000000	1678603325.510128	0.000000
0.000000	545.000000	130495.000000	0.000000	1678603325.529111	0.000000
0.000000	542.000000	130472.000000	0.000000	1678603325.548094	0.000000
0.000000	544.000000	130425.000000	0.000000	1678603325.567078	0.000000
0.000000	543.000000	130472.000000	0.000000	1678603325.586061	0.000000
0.000000	544.000000	130432.000000	0.000000	1678603325.605044	0.000000
0.000000	543.000000	130476.000000	0.000000	1678603325.624027	0.000000
0.000000	543.000000	130482.000000	0.000000	1678603325.637147	0.000000
0.000000	544.000000	130475.000000	0.000000	1678603325.650267	0.000000
0.000000	543.000000	130448.000000	0.000000	1678603325.663386	0.000000
0.000000	544.000000	130463.000000	0.000000	1678603325.676506	0.000000
0.000000	544.000000	130444.000000	0.000000	1678603325.689625	0.000000
0.000000	545.000000	130401.000000	0.000000	1678603325.702745	0.000000
0.000000	544.000000	130410.000000	0.000000	1678603325.717712	0.000000
0.000000	543.000000	130428.000000	0.000000	1678603325.732680	0.000000
0.000000	545.000000	130459.000000	0.000000	1678603325.747648	0.000000
0.000000	544.000000	130474.000000	0.000000	1678603325.762615	0.000000
0.000000	543.000000	130453.000000	0.000000	1678603325.777583	0.000000
0.000000	545.000000	130450.000000	0.000000	1678603325.792550	0.000000
0.000000	544.000000	130451.000000	0.000000	1678603325.809703	0.000000
0.000000	544.000000	130451.000000	0.000000	1678603325.826857	0.000000
0.000000	543.000000	130468.000000	0.000000	1678603325.844010	0.000000
0.000000	545.000000	130410.000000	0.000000	1678603325.861163	0.000000
0.000000	544.000000	130458.000000	0.000000	1678603325.878316	0.000000
0.000000	545.000000	130429.000000	0.000000	1678603325.895469	0.000000
0.000000	545.000000	130468.000000	0.000000	1678603325.910670	0.000000
0.000000	546.000000	130438.000000	0.000000	1678603325.925871	0.000000
0.000000	544.000000	130479.000000	0.000000	1678603325.941072	0.000000
0.000000	545.000000	130470.000000	0.000000	1678603325.956273	0.000000
0.000000	546.000000	130468.000000	0.000000	1678603325.971474	0.000000
0.000000	544.000000	130525.000000	0.000000	1678603325.986676	0.000000
0.000000	545.000000	130477.000000	0.000000	1678603326.001823	0.000000
0.000000	545.000000	130496.000000	0.000000	1678603326.016971	0.000000
0.000000	545.000000	130515.000000	0.000000	1678603326.032119	0.000000
0.000000	545.000000	130501.000000	0.000000	1678603326.047266	0.000000
0.000000	545.000000	130529.000000	0.000000	1678603326.062414	0.000000
0.000000	544.000000	130555.000000	0.000000	1678603326.077562	0.000000
0.000000	544.000000	130511.000000	0.000000	1678603326.092784	0.000000
0.000000	544.000000	130489.000000	0.000000	1678603326.108006	0.000000
0.000000	545.000000	130551.000000	0.000000	1678603326.123228	0.000000
0.000000	545.000000	130517.000000	0.000000	1678603326.138449	0.000000
0.000000	544.000000	130554.000000	0.000000	1678603326.153671	0.000000
0.000000	544.000000	130533.000000	0.000000	1678603326.168893	0.000000
0.000000	545.000000	130469.000000	0.000000	1678603326.185571	0.000000
0.000000	544.000000	130479.000000	0.000000	1678603326.202250	0.000000
0.000000	546.000000	130435.000000	0.000000	1678603326.218928	0.000000
0.000000	545.000000	130402.000000	0.000000	1678603326.235606	0.000000
0.000000	544.000000	130396.000000	0.000000	1678603326.252285	0.000000
0.000000	544.000000	130378.000000	0.000000	1678603326.268963	0.000000
0.000000	545.000000	130322.000000	0.000000	1678603326.284774	0.000000
0.000000	546.000000	130294.000000	0.000000	1678603326.300586	0.000000
0.000000	544.000000	130301.000000	0.000000	1678603326.316397	0.000000
0.000000	545.000000	130301.000000	0.000000	1678603326.332208	0.000000
0.000000	544.000000	130270.000000	0.000000	1678603326.348019	0.000000
0.000000	544.000000	130239.000000	0.000000	1678603326.363830	0.000000
0.000000	545.000000	130202.000000	0.000000	1678603326.381135	0.000000
0.000000	543.000000	130165.000000	0.000000	1678603326.398439	0.000000
0.000000	545.000000	130175.000000	0.000000	1678603326.415743	0.000000
0.000000	544.000000	130165.000000	0.000000	1678603326.433047	0.000000
0.000000	545.000000	130162.000000	0.000000	1678603326.450352	0.000000
0.000000	545.000000	130172.000000	0.000000	1678603326.467656	0.000000
0.000000	546.000000	130145.000000	0.000000	1678603326.480317	0.000000
0.000000	543.000000	130098.000000	0.000000	1678603326.492977	0.000000
0.000000	544.000000	130110.000000	0.000000	1678603326.505638	0.000000
0.000000	544.000000	130121.000000	0.000000	1678603326.518299	0.000000
0.000000	543.000000	130107.000000	0.000000	1678603326.530959	0.000000
0.000000	544.000000	130109.000000	0.000000	1678603326.543620	0.000000
0.000000	545.000000	130113.000000	0.000000	1678603326.562876	0.000000
0.000000	544.000000	130081.000000	0.000000	1678603326.582132	0.000000
0.000000	545.000000	130119.000000	0.000000	1678603326.601388	0.000000
0.000000	544.000000	130083.000000	0.000000	1678603326.620644	0.000000
0.000000	545.000000	130054.000000	0.000000	1678603326.639900	0.000000
0.000000	544.000000	130075.000000	0.000000	1678603326.659156	0.000000
0.000000	545.000000	130088.000000	0.000000	1678603326.672242	0.000000
0.000000	545.000000	130110.000000	0.000000	1678603326.685329	0.000000
0.000000	545.000000	130119.000000	0.000000	1678603326.698415	0.000000
0.000000	545.000000	130048.000000	0.000000	1678603326.711502	0.000000
0.000000	546.000000	130060.000000	0.000000	1678603326.724588	0.000000
0.000000	545.000000	130115.000000	0.000000	1678603326.737675	0.000000
0.000000	543.000000	130047.000000	0.000000	1678603326.752716	0.000000
0.000000	543.000000	130082.000000	0.000000	1678603326.767758	0.000000
0.000000	544.000000	130084.000000	0.000000	1678603326.782799	0.000000
0.000000	545.000000	130076.000000	0.000000	1678603326.797841	0.000000
0.000000	543.000000	130107.000000	0.000000	1678603326.812882	0.000000
0.000000	544.000000	130093.000000	0.000000	1678603326.827924	0.000000
0.000000	544.000000	130078.000000	0.000000	1678603326.842855	0.000000
0.000000	544.000000	130087.000000	0.000000	1678603326.857786	0.000000
0.000000	543.000000	130117.000000	0.000000	1678603326.872717	0.000000
0.000000	544.000000	130107.000000	0.000000	1678603326.887648	0.000000
0.000000	544.000000	130081.000000	0.000000	1678603326.902579	0.000000
0.000000	544.000000	130124.000000	0.000000	1678603326.917511	0.000000
0.000000	546.000000	130124.000000	0.000000	1678603326.934653	0.000000
0.000000	544.000000	130118.000000	0.000000	1678603326.951795	0.000000
0.000000	543.000000	130125.000000	0.000000	1678603326.968937	0.000000
0.000000	544.000000	130092.000000	0.000000	1678603326.986079	0.000000
0.000000	545.000000	130152.000000	0.000000	1678603327.003222	0.000000
0.000000	546.000000	130136.000000	0.000000	1678603327.020364	0.000000
0.000000	544.000000	130209.000000	0.000000	1678603327.035778	0.000000
0.000000	544.000000	130184.000000	0.000000	1678603327.051191	0.000000
0.000000	545.000000	130164.000000	0.000000	1678603327.066604	0.000000
0.000000	543.000000	130224.000000	0.000000	1678603327.082018	0.000000
0.000000	544.000000	130163.000000	0.000000	1678603327.097431	0.000000
0.000000	543.000000	130198.000000	0.000000	1678603327.112844	0.000000
0.000000	544.000000	130159.000000	0.000000	1678603327.127900	0.000000
0.000000	543.000000	130200.000000	0.000000	1678603327.142955	0.000000
0.000000	545.000000	130148.000000	0.000000	1678603327.158010	0.000000
0.000000	546.000000	130126.000000	0.000000	1678603327.173065	0.000000
0.000000	544.000000	130112.000000	0.000000	1678603327.188120	0.000000
0.000000	544.000000	130109.000000	0.000000	1678603327.203176	0.000000
0.000000	543.000000	130095.000000	0.000000	1678603327.218172	0.000000
0.000000	544.000000	130043.000000	0.000000	1678603327.233168	0.000000
0.000000	543.000000	130049.000000	0.000000	1678603327.248164	0.000000
0.000000	545.000000	130026.000000	0.000000	1678603327.263160	0.000000
0.000000	543.000000	129999.000000	0.000000	1678603327.278157	0.000000
0.000000	544.000000	130014.000000	0.000000	1678603327.293153	0.000000
0.000000	545.000000	129983.000000	0.000000	1678603327.310122	0.000000
0.000000	545.000000	129932.000000	0.000000	1678603327.327090	0.000000
0.000000	544.000000	129908.000000	0.000000	1678603327.344059	0.000000
0.000000	545.000000	129899.000000	0.000000	1678603327.361028	0.000000
0.000000	544.000000	129953.000000	0.000000	1678603327.377996	0.000000
0.000000	544.000000	129884.000000	0.000000	1678603327.394965	0.000000
0.000000	543.000000	129890.000000	0.000000	1678603327.410262	0.000000
0.000000	544.000000	129917.000000	0.000000	1678603327.425559	0.000000
0.000000	543.000000	129894.000000	0.000000	1678603327.440856	0.000000
0.000000	543.000000	129912.000000	0.000000	1678603327.456153	0.000000
0.000000	543.000000	129864.000000	0.000000	1678603327.471449	0.000000
0.000000	543.000000	129858.000000	0.000000	1678603327.486746	0.000000
0.000000	543.000000	129856.000000	0.000000	1678603327.501887	0.000000
0.000000	544.000000	129857.000000	0.000000	1678603327.517028	0.000000
0.000000	543.000000	129853.000000	0.000000	1678603327.532168	0.000000
0.000000	543.000000	129833.000000	0.000000	1678603327.547309	0.000000
0.000000	544.000000	129848.000000	0.000000	1678603327.562450	0.000000
0.000000	544.000000	129889.000000	0.000000	1678603327.577591	0.000000
0.000000	545.000000	129908.000000	0.000000	1678603327.592647	0.000000
0.000000	545.000000	129906.000000	0.000000	1678603327.607703	0.000000
0.000000	545.000000	129873.000000	0.000000	1678603327.622759	0.000000
0.000000	545.000000	129889.000000	0.000000	1678603327.637815	0.000000
0.000000	544.000000	129842.000000	0.000000	1678603327.652872	0.000000
0.000000	545.000000	129886.000000	0.000000	1678603327.667928	0.000000
0.000000	546.000000	129902.000000	0.000000	1678603327.683080	0.000000
0.000000	544.000000	129898.000000	0.000000	1678603327.698232	0.000000
0.000000	545.000000	129919.000000	0.000000	1678603327.713385	0.000000
0.000000	544.000000	129950.000000	0.000000	1678603327.728537	0.000000
0.000000	544.000000	129928.000000	0.000000	1678603327.743690	0.000000
0.000000	545.000000	129886.000000	0.000000	1678603327.758842	0.000000
0.000000	544.000000	129951.000000	0.000000	1678603327.776012	0.000000
0.000000	545.000000	129948.000000	0.000000	1678603327.793181	0.000000
0.000000	545.000000	129899.000000	0.000000	1678603327.810351	0.000000
0.000000	546.000000	129947.000000	0.000000	1678603327.827521	0.000000
0.000000	543.000000	129947.000000	0.000000	1678603327.844691	0.000000
0.000000	544.000000	130001.000000	0.000000	1678603327.861861	0.000000
0.000000	545.000000	129972.000000	0.000000	1678603327.879354	0.000000
0.000000	544.000000	129968.000000	0.000000	1678603327.896848	0.000000
0.000000	544.000000	130020.000000	0.000000	1678603327.914342	0.000000
0.000000	546.000000	130026.000000	0.000000	1678603327.931836	0.000000
0.000000	543.000000	130052.000000	0.000000	1678603327.949330	0.000000
0.000000	546.000000	130046.000000	0.000000	1678603327.966824	0.000000
0.000000	545.000000	130046.000000	0.000000	1678603327.979918	0.000000
0.000000	545.000000	130012.000000	0.000000	1678603327.993011	0.000000
0.000000	545.000000	130072.000000	0.000000	1678603328.006104	0.000000
0.000000	545.000000	130128.000000	0.000000	1678603328.019198	0.000000
0.000000	545.000000	130117.000000	0.000000	1678603328.032291	0.000000
0.000000	546.000000	130136.000000	0.000000	1678603328.045385	0.000000
0.000000	545.000000	130154.000000	0.000000	1678603328.062070	0.000000
0.000000	544.000000	130118.000000	0.000000	1678603328.078756	0.000000
0.000000	547.000000	130165.000000	0.000000	1678603328.095441	0.000000
0.000000	545.000000	130180.000000	0.000000	1678603328.112127	0.000000
0.000000	544.000000	130089.000000	0.000000	1678603328.128813	0.000000
0.000000	546.000000	130112.000000	0.000000	1678603328.145498	0.000000
0.000000	544.000000	130149.000000	0.000000	1678603328.163785	0.000000
0.000000	543.000000	130116.000000	0.000000	1678603328.182073	0.000000
0.000000	544.000000	130081.000000	0.000000	1678603328.200361	0.000000
0.000000	544.000000	130096.000000	0.000000	1678603328.218648	0.000000
0.000000	545.000000	130046.000000	0.000000	1678603328.236936	0.000000
0.000000	543.000000	130034.000000	0.000000	1678603328.255223	0.000000
0.000000	544.000000	130066.000000	0.000000	1678603328.267246	0.000000
0.000000	545.000000	130038.000000	0.000000	1678603328.279268	0.000000
0.000000	543.000000	130008.000000	0.000000	1678603328.291291	0.000000
0.000000	543.000000	129968.000000	0.000000	1678603328.303313	0.000000
0.000000	543.000000	129941.000000	0.000000	1678603328.315336	0.000000
0.000000	544.000000	129972.000000	0.000000	1678603328.327358	0.000000
0.000000	545.000000	130012.000000	0.000000	1678603328.342477	0.000000
0.000000	544.000000	129997.000000	0.000000	1678603328.357595	0.000000
0.000000	544.000000	129965.000000	0.000000	1678603328.372714	0.000000
0.000000	545.000000	130013.000000	0.000000	1678603328.387833	0.000000
0.000000	545.000000	129950.000000	0.000000	1678603328.402952	0.000000
0.000000	543.000000	129997.000000	0.000000	1678603328.418070	0.000000
0.000000	543.000000	129993.000000	0.000000	1678603328.435656	0.000000
0.000000	544.000000	130008.000000	0.000000	1678603328.453242	0.000000
0.000000	545.000000	129990.000000	0.000000	1678603328.470827	0.000000
0.000000	544.000000	129999.000000	0.000000	1678603328.488413	0.000000
0.000000	545.000000	130000.000000	0.000000	1678603328.505998	0.000000
0.000000	543.000000	130004.000000	0.000000	1678603328.523584	0.000000
0.000000	545.000000	129980.000000	0.000000	1678603328.538503	0.000000
0.000000	543.000000	130020.000000	0.000000	1678603328.553422	0.000000
0.000000	545.000000	130042.000000	0.000000	1678603328.568341	0.000000
0.000000	544.000000	130030.000000	0.000000	1678603328.583260	0.000000
0.000000	544.000000	130056.000000	0.000000	1678603328.598179	0.000000
0.000000	544.000000	130067.000000	0.000000	1678603328.613098	0.000000
0.000000	545.000000	130109.000000	0.000000	1678603328.628211	0.000000
0.000000	545.000000	130047.000000	0.000000	1678603328.643324	0.000000
0.000000	545.000000	130052.000000	0.000000	1678603328.658437	0.000000
0.000000	546.000000	130089.000000	0.000000	1678603328.673549	0.000000
0.000000	543.000000	130097.000000	0.000000	1678603328.688662	0.000000
0.000000	545.000000	130059.000000	0.000000	1678603328.703775	0.000000
0.000000	547.000000	130118.000000	0.000000	1678603328.718549	0.000000
0.000000	546.000000	130136.000000	0.000000	1678603328.733323	0.000000
0.000000	544.000000	130160.000000	0.000000	1678603328.748096	0.000000
0.000000	545.000000	130163.000000	0.000000	1678603328.762870	0.000000
0.000000	544.000000	130183.000000	0.000000	1678603328.777644	0.000000
0.000000	546.000000	130221.000000	0.000000	1678603328.792418	0.000000
0.000000	545.000000	130197.000000	0.000000	1678603328.809286	0.000000
0.000000	544.000000	130249.000000	0.000000	1678603328.826154	0.000000
0.000000	544.000000	130254.000000	0.000000	1678603328.843022	0.000000
0.000000	544.000000	130290.000000	0.000000	1678603328.859890	0.000000
0.000000	544.000000	130307.000000	0.000000	1678603328.876758	0.000000
0.000000	545.000000	130352.000000	0.000000	1678603328.893626	0.000000
0.000000	545.000000	130321.000000	0.000000	1678603328.911429	0.000000
0.000000	544.000000	130328.000000	0.000000	1678603328.929232	0.000000
0.000000	543.000000	130343.000000	0.000000	1678603328.947035	0.000000
0.000000	543.000000	130344.000000	0.000000	1678603328.964838	0.000000
0.000000	546.000000	130398.000000	0.000000	1678603328.982641	0.000000
0.000000	544.000000	130453.000000	0.000000	1678603329.000443	0.000000
0.000000	544.000000	130473.000000	0.000000	1678603329.015455	0.000000
0.000000	545.000000	130438.000000	0.000000	1678603329.030468	0.000000
0.000000	544.000000	130505.000000	0.000000	1678603329.045480	0.000000
0.000000	544.000000	130541.000000	0.000000	1678603329.060493	0.000000
0.000000	544.000000	130615.000000	0.000000	1678603329.075505	0.000000
0.000000	546.000000	130560.000000	0.000000	1678603329.090517	0.000000
0.000000	547.000000	130698.000000	0.000000	1678603329.103477	0.000000
0.000000	548.000000	130729.000000	0.000000	1678603329.116436	0.000000
0.000000	547.000000	130734.000000	0.000000	1678603329.129395	0.000000
0.000000	548.000000	130798.000000	0.000000	1678603329.142355	0.000000
0.000000	548.000000	130819.000000	0.000000	1678603329.155314	0.000000
0.000000	546.000000	130930.000000	0.000000	1678603329.168274	0.000000
0.000000	544.000000	131081.000000	0.000000	1678603329.185315	0.000000
0.000000	543.000000	131159.000000	0.000000	1678603329.202356	0.000000
0.000000	541.000000	131259.000000	0.000000	1678603329.219398	0.000000
0.000000	541.000000	131430.000000	0.000000	1678603329.236439	0.000000
0.000000	539.000000	131704.000000	0.000000	1678603329.253480	0.000000
0.000000	537.000000	131995.000000	0.000000	1678603329.270521	0.000000
0.000000	535.000000	132166.000000	0.000000	1678603329.285723	0.000000
0.000000	535.000000	132380.000000	0.000000	1678603329.300924	0.000000
0.000000	534.000000	132626.000000	0.000000	1678603329.316126	0.000000
0.000000	534.000000	132888.000000	0.000000	1678603329.331327	0.000000
0.000000	534.000000	133328.000000	0.000000	1678603329.346529	0.000000
0.000000	533.000000	133627.000000	0.000000	1678603329.361730	0.000000
0.000000	533.000000	133739.000000	0.000000	1678603329.377177	0.000000
0.000000	534.000000	133997.000000	0.000000	1678603329.392623	0.000000
0.000000	532.000000	134179.000000	0.000000	1678603329.408069	0.000000
0.000000	533.000000	134341.000000	0.000000	1678603329.423516	0.000000
0.000000	533.000000	134554.000000	0.000000	1678603329.438962	0.000000
0.000000	532.000000	134683.000000	0.000000	1678603329.454408	0.000000
0.000000	533.000000	134805.000000	0.000000	1678603329.469285	0.000000
0.000000	532.000000	134962.000000	0.000000	1678603329.484163	0.000000
0.000000	532.000000	135162.000000	0.000000	1678603329.499040	0.000000
0.000000	532.000000	135359.000000	0.000000	1678603329.513917	0.000000
0.000000	531.000000	135527.000000	0.000000	1678603329.528795	0.000000
0.000000	531.000000	135724.000000	0.000000	1678603329.543672	0.000000
0.000000	533.000000	135845.000000	0.000000	1678603329.560574	0.000000
0.000000	532.000000	136051.000000	0.000000	1678603329.577475	0.000000
0.000000	532.000000	136196.000000	0.000000	1678603329.594376	0.000000
0.000000	532.000000	136209.000000	0.000000	1678603329.611278	0.000000
0.000000	534.000000	136228.000000	0.000000	1678603329.628179	0.000000
0.000000	535.000000	136194.000000	0.000000	1678603329.645080	0.000000
0.000000	534.000000	136192.000000	0.000000	1678603329.660443	0.000000
0.000000	534.000000	136193.000000	0.000000	1678603329.675806	0.000000
0.000000	534.000000	136261.000000	0.000000	1678603329.691169	0.000000
0.000000	535.000000	136231.000000	0.000000	1678603329.706531	0.000000
0.000000	535.000000	136243.000000	0.000000	1678603329.721894	0.000000
0.000000	535.000000	136259.000000	0.000000	1678603329.737257	0.000000
0.000000	535.000000	136301.000000	0.000000	1678603329.754819	0.000000
0.000000	535.000000	136298.000000	0.000000	1678603329.772382	0.000000
0.000000	534.000000	136327.000000	0.000000	1678603329.789944	0.000000
0.000000	535.000000	136311.000000	0.000000	1678603329.807506	0.000000
0.000000	535.000000	136363.000000	0.000000	1678603329.825068	0.000000
0.000000	534.000000	136342.000000	0.000000	1678603329.842631	0.000000
0.000000	534.000000	136389.000000	0.000000	1678603329.855306	0.000000
0.000000	534.000000	136368.000000	0.000000	1678603329.867981	0.000000
0.000000	533.000000	136344.000000	0.000000	1678603329.880656	0.000000
0.000000	532.000000	136395.000000	0.000000	1678603329.893332	0.000000
0.000000	533.000000	136375.000000	0.000000	1678603329.906007	0.000000
0.000000	532.000000	136413.000000	0.000000	1678603329.918682	0.000000
0.000000	531.000000	136404.000000	0.000000	1678603329.935521	0.000000
0.000000	531.000000	136413.000000	0.000000	1678603329.952359	0.000000
0.000000	529.000000	136396.000000	0.000000	1678603329.969198	0.000000
0.000000	528.000000	136441.000000	0.000000	1678603329.986037	0.000000
0.000000	529.000000	136415.000000	0.000000	1678603330.002875	0.000000
0.000000	528.000000	136424.000000	0.000000	1678603330.019714	0.000000
0.000000	527.000000	136457.000000	0.000000	1678603330.037327	0.000000
0.000000	527.000000	136366.000000	0.000000	1678603330.054941	0.000000
0.000000	526.000000	136402.000000	0.000000	1678603330.072554	0.000000
0.000000	526.000000	136382.000000	0.000000	1678603330.090167	0.000000
0.000000	526.000000	136368.000000	0.000000	1678603330.107780	0.000000
0.000000	526.000000	136389.000000	0.000000	1678603330.125394	0.000000
0.000000	525.000000	136384.000000	0.000000	1678603330.138675	0.000000
0.000000	524.000000	136408.000000	0.000000	1678603330.151956	0.000000
0.000000	525.000000	136402.000000	0.000000	1678603330.165238	0.000000
0.000000	525.000000	136308.000000	0.000000	1678603330.178519	0.000000
0.000000	525.000000	136298.000000	0.000000	1678603330.191800	0.000000
0.000000	524.000000	136304.000000	0.000000	1678603330.205082	0.000000
0.000000	524.000000	136220.000000	0.000000	1678603330.219663	0.000000
0.000000	522.000000	136024.000000	0.000000	1678603330.234243	0.000000
0.000000	521.000000	135893.000000	0.000000	1678603330.248824	0.000000
0.000000	521.000000	135760.000000	0.000000	1678603330.263405	0.000000
0.000000	522.000000	135767.000000	0.000000	1678603330.277986	0.000000
0.000000	523.000000	135744.000000	0.000000	1678603330.292567	0.000000
0.000000	521.000000	135836.000000	0.000000	1678603330.309694	0.000000
0.000000	523.000000	135876.000000	0.000000	1678603330.326821	0.000000
0.000000	523.000000	136007.000000	0.000000	1678603330.343947	0.000000
0.000000	523.000000	136258.000000	0.000000	1678603330.361074	0.000000
0.000000	522.000000	136334.000000	0.000000	1678603330.378201	0.000000
0.000000	522.000000	136328.000000	0.000000	1678603330.395328	0.000000
0.000000	522.000000	136403.000000	0.000000	1678603330.410568	0.000000
0.000000	523.000000	136376.000000	0.000000	1678603330.425807	0.000000
0.000000	522.000000	136338.000000	0.000000	1678603330.441047	0.000000
0.000000	523.000000	136314.000000	0.000000	1678603330.456287	0.000000
0.000000	522.000000	136371.000000	0.000000	1678603330.471527	0.000000
0.000000	521.000000	136313.000000	0.000000	1678603330.486767	0.000000
0.000000	522.000000	136403.000000	0.000000	1678603330.504405	0.000000
0.000000	522.000000	136328.000000	0.000000	1678603330.522044	0.000000
0.000000	521.000000	136407.000000	0.000000	1678603330.539683	0.000000
0.000000	520.000000	136308.000000	0.000000	1678603330.557322	0.000000
0.000000	520.000000	136360.000000	0.000000	1678603330.574960	0.000000
0.000000	521.000000	136386.000000	0.000000	1678603330.592599	0.000000
0.000000	520.000000	136469.000000	0.000000	1678603330.605578	0.000000
0.000000	519.000000	136475.000000	0.000000	1678603330.618557	0.000000
0.000000	521.000000	136550.000000	0.000000	1678603330.631537	0.000000
0.000000	519.000000	136609.000000	0.000000	1678603330.644516	0.000000
0.000000	520.000000	136619.000000	0.000000	1678603330.657495	0.000000
0.000000	520.000000	136573.000000	0.000000	1678603330.670474	0.000000
0.000000	519.000000	136563.000000	0.000000	1678603330.686953	0.000000
0.000000	520.000000	136551.000000	0.000000	1678603330.703431	0.000000
0.000000	519.000000	136522.000000	0.000000	1678603330.719910	0.000000
0.000000	518.000000	136584.000000	0.000000	1678603330.736388	0.000000
0.000000	519.000000	136536.000000	0.000000	1678603330.752867	0.000000
0.000000	518.000000	136521.000000	0.000000	1678603330.769345	0.000000
0.000000	517.000000	136489.000000	0.000000	1678603330.784740	0.000000
0.000000	518.000000	136480.000000	0.000000	1678603330.800135	0.000000
0.000000	519.000000	136466.000000	0.000000	1678603330.815530	0.000000
0.000000	518.000000	136402.000000	0.000000	1678603330.830925	0.000000
0.000000	518.000000	136380.000000	0.000000	1678603330.846321	0.000000
0.000000	519.000000	136323.000000	0.000000	1678603330.861716	0.000000
0.000000	519.000000	136364.000000	0.000000	1678603330.879290	0.000000
0.000000	519.000000	136370.000000	0.000000	1678603330.896864	0.000000
0.000000	520.000000	136355.000000	0.000000	1678603330.914439	0.000000
0.000000	519.000000	136323.000000	0.000000	1678603330.932013	0.000000
0.000000	518.000000	136296.000000	0.000000	1678603330.949588	0.000000
0.000000	519.000000	136284.000000	0.000000	1678603330.967162	0.000000
0.000000	519.000000	136280.000000	0.000000	1678603330.979918	0.000000
0.000000	518.000000	136275.000000	0.000000	1678603330.992674	0.000000
0.000000	516.000000	136270.000000	0.000000	1678603331.005430	0.000000
0.000000	517.000000	136223.000000	0.000000	1678603331.018185	0.000000
0.000000	518.000000	136262.000000	0.000000	1678603331.030941	0.000000
0.000000	519.000000	136304.000000	0.000000	1678603331.043697	0.000000
0.000000	517.000000	136217.000000	0.000000	1678603331.058775	0.000000
0.000000	519.000000	136208.000000	0.000000	1678603331.073854	0.000000
0.000000	519.000000	136168.000000	0.000000	1678603331.088932	0.000000
0.000000	519.000000	136128.000000	0.000000	1678603331.104010	0.000000
0.000000	519.000000	136050.000000	0.000000	1678603331.119088	0.000000
0.000000	518.000000	136057.000000	0.000000	1678603331.134167	0.000000
0.000000	519.000000	136059.000000	0.000000	1678603331.151380	0.000000
0.000000	519.000000	135978.000000	0.000000	1678603331.168593	0.000000
0.000000	518.000000	135993.000000	0.000000	1678603331.185807	0.000000
0.000000	518.000000	136067.000000	0.000000	1678603331.203020	0.000000
0.000000	518.000000	136071.000000	0.000000	1678603331.220233	0.000000
0.000000	518.000000	136102.000000	0.000000	1678603331.237446	0.000000
0.000000	519.000000	136121.000000	0.000000	1678603331.254631	0.000000
0.000000	517.000000	136110.000000	0.000000	1678603331.271815	0.000000
0.000000	518.000000	136092.000000	0.000000	1678603331.288999	0.000000
0.000000	519.000000	136056.000000	0.000000	1678603331.306184	0.000000
0.000000	518.000000	136014.000000	0.000000	1678603331.323368	0.000000
0.000000	518.000000	136012.000000	0.000000	1678603331.340552	0.000000
0.000000	519.000000	136023.000000	0.000000	1678603331.353558	0.000000
0.000000	520.000000	135989.000000	0.000000	1678603331.366563	0.000000
0.000000	521.000000	135989.000000	0.000000	1678603331.379568	0.000000
0.000000	519.000000	135921.000000	0.000000	1678603331.392573	0.000000
0.000000	522.000000	135925.000000	0.000000	1678603331.405578	0.000000
0.000000	520.000000	135924.000000	0.000000	1678603331.418583	0.000000
0.000000	520.000000	135885.000000	0.000000	1678603331.438082	0.000000
0.000000	522.000000	135899.000000	0.000000	1678603331.457581	0.000000
0.000000	521.000000	135896.000000	0.000000	1678603331.477079	0.000000
0.000000	522.000000	135914.000000	0.000000	1678603331.496578	0.000000
0.000000	522.000000	135894.000000	0.000000	1678603331.516076	0.000000
0.000000	522.000000	135828.000000	0.000000	1678603331.535575	0.000000
0.000000	523.000000	135872.000000	0.000000	1678603331.547968	0.000000
0.000000	520.000000	135858.000000	0.000000	1678603331.560361	0.000000
0.000000	522.000000	135850.000000	0.000000	1678603331.572754	0.000000
0.000000	522.000000	135901.000000	0.000000	1678603331.585147	0.000000
0.000000	522.000000	135868.000000	0.000000	1678603331.597540	0.000000
0.000000	522.000000	135919.000000	0.000000	1678603331.609933	0.000000
0.000000	522.000000	135936.000000	0.000000	1678603331.627914	0.000000
0.000000	522.000000	135889.000000	0.000000	1678603331.645895	0.000000
0.000000	521.000000	135946.000000	0.000000	1678603331.663875	0.000000
0.000000	522.000000	135961.000000	0.000000	1678603331.681856	0.000000
0.000000	522.000000	135940.000000	0.000000	1678603331.699837	0.000000
0.000000	522.000000	135914.000000	0.000000	1678603331.717818	0.000000
0.000000	524.000000	135864.000000	0.000000	1678603331.730264	0.000000
0.000000	522.000000	135893.000000	0.000000	1678603331.742710	0.000000
0.000000	521.000000	135841.000000	0.000000	1678603331.755157	0.000000
0.000000	523.000000	135837.000000	0.000000	1678603331.767603	0.000000
0.000000	524.000000	135756.000000	0.000000	1678603331.780049	0.000000
0.000000	523.000000	135757.000000	0.000000	1678603331.792495	0.000000
0.000000	525.000000	135712.000000	0.000000	1678603331.809650	0.000000
0.000000	525.000000	135618.000000	0.000000	1678603331.826805	0.000000
0.000000	525.000000	135533.000000	0.000000	1678603331.843959	0.000000
0.000000	527.000000	135566.000000	0.000000	1678603331.861114	0.000000
0.000000	524.000000	135485.000000	0.000000	1678603331.878268	0.000000
0.000000	524.000000	135477.000000	0.000000	1678603331.895423	0.000000
0.000000	525.000000	135474.000000	0.000000	1678603331.912956	0.000000
0.000000	526.000000	135443.000000	0.000000	1678603331.930489	0.000000
0.000000	526.000000	135400.000000	0.000000	1678603331.948022	0.000000
0.000000	525.000000	135371.000000	0.000000	1678603331.965555	0.000000
0.000000	525.000000	135352.000000	0.000000	1678603331.983088	0.000000
0.000000	525.000000	135345.000000	0.000000	1678603332.000622	0.000000
0.000000	525.000000	135320.000000	0.000000	1678603332.015298	0.000000
0.000000	525.000000	135239.000000	0.000000	1678603332.029975	0.000000
0.000000	525.000000	135310.000000	0.000000	1678603332.044652	0.000000
0.000000	525.000000	135291.000000	0.000000	1678603332.059329	0.000000
0.000000	526.000000	135325.000000	0.000000	1678603332.074006	0.000000
0.000000	526.000000	135267.000000	0.000000	1678603332.088683	0.000000
0.000000	525.000000	135292.000000	0.000000	1678603332.101867	0.000000
0.000000	526.000000	135283.000000	0.000000	1678603332.115052	0.000000
0.000000	525.000000	135320.000000	0.000000	1678603332.128236	0.000000
0.000000	525.000000	135335.000000	0.000000	1678603332.141421	0.000000
0.000000	525.000000	135385.000000	0.000000	1678603332.154605	0.000000
0.000000	523.000000	135376.000000	0.000000	1678603332.167789	0.000000
0.000000	524.000000	135387.000000	0.000000	1678603332.184800	0.000000
0.000000	524.000000	135383.000000	0.000000	1678603332.201811	0.000000
0.000000	523.000000	135423.000000	0.000000	1678603332.218822	0.000000
0.000000	525.000000	135432.000000	0.000000	1678603332.235832	0.000000
0.000000	524.000000	135471.000000	0.000000	1678603332.252843	0.000000
0.000000	525.000000	135418.000000	0.000000	1678603332.269854	0.000000
0.000000	525.000000	135487.000000	0.000000	1678603332.290317	0.000000
0.000000	524.000000	135476.000000	0.000000	1678603332.310781	0.000000
0.000000	525.000000	135439.000000	0.000000	1678603332.331245	0.000000
0.000000	525.000000	135495.000000	0.000000	1678603332.351709	0.000000
0.000000	525.000000	135507.000000	0.000000	1678603332.372173	0.000000
0.000000	526.000000	135520.000000	0.000000	1678603332.392636	0.000000
0.000000	526.000000	135533.000000	0.000000	1678603332.402596	0.000000
0.000000	526.000000	135544.000000	0.000000	1678603332.412555	0.000000
0.000000	527.000000	135461.000000	0.000000	1678603332.422514	0.000000
0.000000	526.000000	135498.000000	0.000000	1678603332.432473	0.000000
0.000000	527.000000	135508.000000	0.000000	1678603332.442433	0.000000
0.000000	526.000000	135481.000000	0.000000	1678603332.452392	0.000000
0.000000	526.000000	135536.000000	0.000000	1678603332.469810	0.000000
0.000000	526.000000	135522.000000	0.000000	1678603332.487229	0.000000
0.000000	526.000000	135540.000000	0.000000	1678603332.504647	0.000000
0.000000	525.000000	135506.000000	0.000000	1678603332.522066	0.000000
0.000000	526.000000	135559.000000	0.000000	1678603332.539485	0.000000
0.000000	526.000000	135488.000000	0.000000	1678603332.556903	0.000000
0.000000	524.000000	135502.000000	0.000000	1678603332.571432	0.000000
0.000000	525.000000	135478.000000	0.000000	1678603332.585960	0.000000
0.000000	524.000000	135450.000000	0.000000	1678603332.600489	0.000000
0.000000	525.000000	135404.000000	0.000000	1678603332.615018	0.000000
0.000000	523.000000	135376.000000	0.000000	1678603332.629546	0.000000
0.000000	525.000000	135371.000000	0.000000	1678603332.644075	0.000000
0.000000	524.000000	135296.000000	0.000000	1678603332.664480	0.000000
0.000000	525.000000	135368.000000	0.000000	1678603332.684885	0.000000
0.000000	524.000000	135265.000000	0.000000	1678603332.705290	0.000000
0.000000	525.000000	135300.000000	0.000000	1678603332.725694	0.000000
0.000000	525.000000	135302.000000	0.000000	1678603332.746099	0.000000
0.000000	524.000000	135253.000000	0.000000	1678603332.766504	0.000000
0.000000	525.000000	135245.000000	0.000000	1678603332.777010	0.000000
0.000000	525.000000	135235.000000	0.000000	1678603332.787517	0.000000
0.000000	526.000000	135210.000000	0.000000	1678603332.798023	0.000000
0.000000	524.000000	135201.000000	0.000000	1678603332.808529	0.000000
0.000000	525.000000	135180.000000	0.000000	1678603332.819036	0.000000
0.000000	524.000000	135191.000000	0.000000	1678603332.829542	0.000000
0.000000	524.000000	135203.000000	0.000000	1678603332.848803	0.000000
0.000000	526.000000	135111.000000	0.000000	1678603332.868064	0.000000
0.000000	525.000000	135126.000000	0.000000	1678603332.887326	0.000000
0.000000	525.000000	135143.000000	0.000000	1678603332.906587	0.000000
0.000000	525.000000	135069.000000	0.000000	1678603332.925848	0.000000
0.000000	525.000000	135119.000000	0.000000	1678603332.945110	0.000000
0.000000	526.000000	135064.000000	0.000000	1678603332.958168	0.000000
0.000000	526.000000	135005.000000	0.000000	1678603332.971226	0.000000
0.000000	527.000000	135006.000000	0.000000	1678603332.984285	0.000000
0.000000	526.000000	134992.000000	0.000000	1678603332.997343	0.000000
0.000000	526.000000	134976.000000	0.000000	1678603333.010401	0.000000
0.000000	526.000000	134930.000000	0.000000	1678603333.023460	0.000000
0.000000	526.000000	134896.000000	0.000000	1678603333.040798	0.000000
0.000000	525.000000	134871.000000	0.000000	1678603333.058136	0.000000
0.000000	526.000000	134832.000000	0.000000	1678603333.075475	0.000000
0.000000	527.000000	134838.000000	0.000000	1678603333.092813	0.000000
0.000000	527.000000	134756.000000	0.000000	1678603333.110152	0.000000
0.000000	528.000000	134756.000000	0.000000	1678603333.127490	0.000000
0.000000	527.000000	134724.000000	0.000000	1678603333.140129	0.000000
0.000000	528.000000	134708.000000	0.000000	1678603333.152768	0.000000
0.000000	529.000000	134689.000000	0.000000	1678603333.165407	0.000000
0.000000	527.000000	134674.000000	0.000000	1678603333.178046	0.000000
0.000000	527.000000	134674.000000	0.000000	1678603333.190685	0.000000
0.000000	528.000000	134644.000000	0.000000	1678603333.203324	0.000000
0.000000	528.000000	134666.000000	0.000000	1678603333.218328	0.000000
0.000000	530.000000	134632.000000	0.000000	1678603333.233331	0.000000
0.000000	529.000000	134634.000000	0.000000	1678603333.248334	0.000000
0.000000	529.000000	134632.000000	0.000000	1678603333.263337	0.000000
0.000000	530.000000	134577.000000	0.000000	1678603333.278341	0.000000
0.000000	530.000000	134587.000000	0.000000	1678603333.293344	0.000000
0.000000	530.000000	134602.000000	0.000000	1678603333.315602	0.000000
0.000000	530.000000	134588.000000	0.000000	1678603333.337860	0.000000
0.000000	530.000000	134567.000000	0.000000	1678603333.360117	0.000000
0.000000	531.000000	134518.000000	0.000000	1678603333.382375	0.000000
0.000000	529.000000	134452.000000	0.000000	1678603333.404633	0.000000
0.000000	530.000000	134425.000000	0.000000	1678603333.426891	0.000000
0.000000	532.000000	134421.000000	0.000000	1678603333.436937	0.000000
0.000000	530.000000	134374.000000	0.000000	1678603333.446984	0.000000
0.000000	530.000000	134348.000000	0.000000	1678603333.457030	0.000000
0.000000	530.000000	134297.000000	0.000000	1678603333.467076	0.000000
0.000000	530.000000	134247.000000	0.000000	1678603333.477123	0.000000
0.000000	531.000000	134212.000000	0.000000	1678603333.487169	0.000000
0.000000	530.000000	134182.000000	0.000000	1678603333.504727	0.000000
0.000000	530.000000	134133.000000	0.000000	1678603333.522285	0.000000
0.000000	532.000000	134117.000000	0.000000	1678603333.539842	0.000000
0.000000	530.000000	134089.000000	0.000000	1678603333.557400	0.000000
0.000000	530.000000	134088.000000	0.000000	1678603333.574958	0.000000
0.000000	530.000000	134081.000000	0.000000	1678603333.592516	0.000000
0.000000	530.000000	134066.000000	0.000000	1678603333.605824	0.000000
0.000000	531.000000	134001.000000	0.000000	1678603333.619133	0.000000
0.000000	531.000000	134017.000000	0.000000	1678603333.632442	0.000000
0.000000	530.000000	134009.000000	0.000000	1678603333.645751	0.000000
0.000000	531.000000	133999.000000	0.000000	1678603333.659060	0.000000
0.000000	531.000000	133963.000000	0.000000	1678603333.672368	0.000000
0.000000	532.000000	134012.000000	0.000000	1678603333.687021	0.000000
0.000000	529.000000	133960.000000	0.000000	1678603333.701674	0.000000
0.000000	531.000000	133986.000000	0.000000	1678603333.716326	0.000000
0.000000	530.000000	134008.000000	0.000000	1678603333.730979	0.000000
0.000000	530.000000	133938.000000	0.000000	1678603333.745632	0.000000
0.000000	530.000000	133908.000000	0.000000	1678603333.760284	0.000000
0.000000	530.000000	133994.000000	0.000000	1678603333.777213	0.000000
0.000000	530.000000	133983.000000	0.000000	1678603333.794141	0.000000
0.000000	531.000000	133948.000000	0.000000	1678603333.811069	0.000000
0.000000	529.000000	133995.000000	0.000000	1678603333.827998	0.000000
0.000000	530.000000	133966.000000	0.000000	1678603333.844926	0.000000
0.000000	530.000000	133994.000000	0.000000	1678603333.861855	0.000000
0.000000	530.000000	133934.000000	0.000000	1678603333.881618	0.000000
0.000000	529.000000	133926.000000	0.000000	1678603333.901381	0.000000
0.000000	530.000000	133969.000000	0.000000	1678603333.921144	0.000000
0.000000	530.000000	133946.000000	0.000000	1678603333.940907	0.000000
0.000000	531.000000	133946.000000	0.000000	1678603333.960670	0.000000
0.000000	530.000000	133964.000000	0.000000	1678603333.980433	0.000000
0.000000	530.000000	133961.000000	0.000000	1678603333.991033	0.000000
0.000000	530.000000	133961.000000	0.000000	1678603334.001632	0.000000
0.000000	530.000000	133979.000000	0.000000	1678603334.012232	0.000000
0.000000	530.000000	133965.000000	0.000000	1678603334.022832	0.000000
0.000000	531.000000	133991.000000	0.000000	1678603334.033432	0.000000
0.000000	531.000000	133994.000000	0.000000	1678603334.044032	0.000000
0.000000	530.000000	134021.000000	0.000000	1678603334.058988	0.000000
0.000000	530.000000	133981.000000	0.000000	1678603334.073944	0.000000
0.000000	529.000000	133979.000000	0.000000	1678603334.088900	0.000000
0.000000	530.000000	134001.000000	0.000000	1678603334.103856	0.000000
0.000000	528.000000	133958.000000	0.000000	1678603334.118812	0.000000
0.000000	530.000000	134033.000000	0.000000	1678603334.133768	0.000000
0.000000	530.000000	134023.000000	0.000000	1678603334.150901	0.000000
0.000000	530.000000	134044.000000	0.000000	1678603334.168033	0.000000
0.000000	530.000000	134051.000000	0.000000	1678603334.185166	0.000000
0.000000	529.000000	134018.000000	0.000000	1678603334.202298	0.000000
0.000000	530.000000	134006.000000	0.000000	1678603334.219431	0.000000
0.000000	530.000000	133959.000000	0.000000	1678603334.236563	0.000000
0.000000	528.000000	133917.000000	0.000000	1678603334.251743	0.000000
0.000000	530.000000	133934.000000	0.000000	1678603334.266922	0.000000
0.000000	530.000000	133906.000000	0.000000	1678603334.282102	0.000000
0.000000	529.000000	133880.000000	0.000000	1678603334.297281	0.000000
0.000000	530.000000	133872.000000	0.000000	1678603334.312461	0.000000
0.000000	528.000000	133843.000000	0.000000	1678603334.327640	0.000000
0.000000	529.000000	133813.000000	0.000000	1678603334.342722	0.000000
0.000000	529.000000	133757.000000	0.000000	1678603334.357804	0.000000
0.000000	529.000000	133702.000000	0.000000	1678603334.372886	0.000000
0.000000	529.000000	133733.000000	0.000000	1678603334.387968	0.000000
0.000000	529.000000	133698.000000	0.000000	1678603334.403050	0.000000
0.000000	529.000000	133716.000000	0.000000	1678603334.418132	0.000000
0.000000	528.000000	133703.000000	0.000000	1678603334.437696	0.000000
0.000000	529.000000	133694.000000	0.000000	1678603334.457259	0.000000
0.000000	528.000000	133739.000000	0.000000	1678603334.476822	0.000000
0.000000	528.000000	133684.000000	0.000000	1678603334.496385	0.000000
0.000000	530.000000	133700.000000	0.000000	1678603334.515948	0.000000
0.000000	530.000000	133622.000000	0.000000	1678603334.535511	0.000000
0.000000	529.000000	133709.000000	0.000000	1678603334.548209	0.000000
0.000000	528.000000	133679.000000	0.000000	1678603334.560906	0.000000
0.000000	530.000000	133665.000000	0.000000	1678603334.573604	0.000000
0.000000	528.000000	133666.000000	0.000000	1678603334.586302	0.000000
0.000000	529.000000	133645.000000	0.000000	1678603334.598999	0.000000
0.000000	529.000000	133651.000000	0.000000	1678603334.611697	0.000000
0.000000	529.000000	133675.000000	0.000000	1678603334.626748	0.000000
0.000000	530.000000	133655.000000	0.000000	1678603334.641798	0.000000
0.000000	528.000000	133662.000000	0.000000	1678603334.656849	0.000000
0.000000	528.000000	133680.000000	0.000000	1678603334.671900	0.000000
0.000000	528.000000	133665.000000	0.000000	1678603334.686951	0.000000
0.000000	529.000000	133666.000000	0.000000	1678603334.702002	0.000000
0.000000	528.000000	133667.000000	0.000000	1678603334.717285	0.000000
0.000000	528.000000	133645.000000	0.000000	1678603334.732569	0.000000
0.000000	527.000000	133665.000000	0.000000	1678603334.747853	0.000000
0.000000	528.000000	133732.000000	0.000000	1678603334.763136	0.000000
0.000000	527.000000	133707.000000	0.000000	1678603334.778420	0.000000
0.000000	528.000000	133671.000000	0.000000	1678603334.793703	0.000000
0.000000	528.000000	133704.000000	0.000000	1678603334.810389	0.000000
0.000000	528.000000	133658.000000	0.000000	1678603334.827075	0.000000
0.000000	528.000000	133724.000000	0.000000	1678603334.843760	0.000000
0.000000	529.000000	133714.000000	0.000000	1678603334.860446	0.000000
0.000000	529.000000	133708.000000	0.000000	1678603334.877131	0.000000
0.000000	528.000000	133775.000000	0.000000	1678603334.893817	0.000000
0.000000	527.000000	133746.000000	0.000000	1678603334.909297	0.000000
0.000000	527.000000	133755.000000	0.000000	1678603334.924778	0.000000
0.000000	528.000000	133773.000000	0.000000	1678603334.940258	0.000000
0.000000	526.000000	133727.000000	0.000000	1678603334.955738	0.000000
0.000000	528.000000	133775.000000	0.000000	1678603334.971219	0.000000
0.000000	530.000000	133761.000000	0.000000	1678603334.986699	0.000000
0.000000	527.000000	133781.000000	0.000000	1678603335.006886	0.000000
0.000000	528.000000	133703.000000	0.000000	1678603335.027073	0.000000
0.000000	528.000000	133847.000000	0.000000	1678603335.047259	0.000000
0.000000	527.000000	133826.000000	0.000000	1678603335.067446	0.000000
0.000000	529.000000	133846.000000	0.000000	1678603335.087633	0.000000
0.000000	529.000000	133845.000000	0.000000	1678603335.107820	0.000000
0.000000	529.000000	133871.000000	0.000000	1678603335.117847	0.000000
0.000000	527.000000	133858.000000	0.000000	1678603335.127875	0.000000
0.000000	527.000000	133822.000000	0.000000	1678603335.137903	0.000000
0.000000	526.000000	133874.000000	0.000000	1678603335.147931	0.000000
0.000000	528.000000	133824.000000	0.000000	1678603335.157958	0.000000
0.000000	526.000000	133803.000000	0.000000	1678603335.167986	0.000000
0.000000	526.000000	133772.000000	0.000000	1678603335.185688	0.000000
0.000000	527.000000	133756.000000	0.000000	1678603335.203390	0.000000
0.000000	528.000000	133764.000000	0.000000	1678603335.221092	0.000000
0.000000	527.000000	133705.000000	0.000000	1678603335.238794	0.000000
0.000000	528.000000	133720.000000	0.000000	1678603335.256496	0.000000
0.000000	528.000000	133723.000000	0.000000	1678603335.274198	0.000000
0.000000	527.000000	133743.000000	0.000000	1678603335.288598	0.000000
0.000000	527.000000	133695.000000	0.000000	1678603335.302997	0.000000
0.000000	529.000000	133698.000000	0.000000	1678603335.317396	0.000000
0.000000	528.000000	133684.000000	0.000000	1678603335.331795	0.000000
0.000000	528.000000	133601.000000	0.000000	1678603335.346194	0.000000
0.000000	528.000000	133690.000000	0.000000	1678603335.360593	0.000000
0.000000	528.000000	133661.000000	0.000000	1678603335.378382	0.000000
0.000000	528.000000	133640.000000	0.000000	1678603335.396170	0.000000
0.000000	528.000000	133649.000000	0.000000	1678603335.413959	0.000000
0.000000	528.000000	133649.000000	0.000000	1678603335.431747	0.000000
0.000000	527.000000	133597.000000	0.000000	1678603335.449535	0.000000
0.000000	528.000000	133622.000000	0.000000	1678603335.467324	0.000000
0.000000	528.000000	133653.000000	0.000000	1678603335.480083	0.000000
0.000000	527.000000	133638.000000	0.000000	1678603335.492843	0.000000
0.000000	527.000000	133624.000000	0.000000	1678603335.505603	0.000000
0.000000	527.000000	133644.000000	0.000000	1678603335.518363	0.000000
0.000000	528.000000	133679.000000	0.000000	1678603335.531123	0.000000
0.000000	528.000000	133683.000000	0.000000	1678603335.543883	0.000000
0.000000	527.000000	133689.000000	0.000000	1678603335.561204	0.000000
0.000000	528.000000	133709.000000	0.000000	1678603335.578525	0.000000
0.000000	529.000000	133637.000000	0.000000	1678603335.595845	0.000000
0.000000	528.000000	133708.000000	0.000000	1678603335.613166	0.000000
0.000000	528.000000	133634.000000	0.000000	1678603335.630487	0.000000
0.000000	529.000000	133713.000000	0.000000	1678603335.647807	0.000000
0.000000	528.000000	133676.000000	0.000000	1678603335.662752	0.000000
0.000000	529.000000	133706.000000	0.000000	1678603335.677697	0.000000
0.000000	530.000000	133770.000000	0.000000	1678603335.692641	0.000000
0.000000	529.000000	133691.000000	0.000000	1678603335.707586	0.000000
0.000000	530.000000	133708.000000	0.000000	1678603335.722531	0.000000
0.000000	530.000000	133763.000000	0.000000	1678603335.737475	0.000000
0.000000	529.000000	133756.000000	0.000000	1678603335.752574	0.000000
0.000000	530.000000	133798.000000	0.000000	1678603335.767673	0.000000
0.000000	528.000000	133786.000000	0.000000	1678603335.782772	0.000000
0.000000	530.000000	133785.000000	0.000000	1678603335.797871	0.000000
0.000000	529.000000	133788.000000	0.000000	1678603335.812970	0.000000
0.000000	530.000000	133767.000000	0.000000	1678603335.828069	0.000000
0.000000	530.000000	133767.000000	0.000000	1678603335.843098	0.000000
0.000000	531.000000	133768.000000	0.000000	1678603335.858128	0.000000
0.000000	529.000000	133815.000000	0.000000	1678603335.873157	0.000000
0.000000	531.000000	133788.000000	0.000000	1678603335.888187	0.000000
0.000000	531.000000	133785.000000	0.000000	1678603335.903216	0.000000
0.000000	532.000000	133773.000000	0.000000	1678603335.918246	0.000000
0.000000	530.000000	133819.000000	0.000000	1678603335.935108	0.000000
0.000000	531.000000	133790.000000	0.000000	1678603335.951970	0.000000
0.000000	532.000000	133804.000000	0.000000	1678603335.968833	0.000000
0.000000	529.000000	133771.000000	0.000000	1678603335.985695	0.000000
0.000000	530.000000	133700.000000	0.000000	1678603336.002558	0.000000
0.000000	531.000000	133807.000000	0.000000	1678603336.019420	0.000000
0.000000	531.000000	133828.000000	0.000000	1678603336.037117	0.000000
0.000000	532.000000	133769.000000	0.000000	1678603336.054815	0.000000
0.000000	530.000000	133779.000000	0.000000	1678603336.072513	0.000000
0.000000	531.000000	133812.000000	0.000000	1678603336.090210	0.000000
0.000000	531.000000	133839.000000	0.000000	1678603336.107908	0.000000
0.000000	531.000000	133753.000000	0.000000	1678603336.125606	0.000000
0.000000	530.000000	133821.000000	0.000000	1678603336.141181	0.000000
0.000000	530.000000	133836.000000	0.000000	1678603336.156756	0.000000
0.000000	531.000000	133865.000000	0.000000	1678603336.172331	0.000000
0.000000	531.000000	133860.000000	0.000000	1678603336.187906	0.000000
0.000000	532.000000	133825.000000	0.000000	1678603336.203481	0.000000
0.000000	529.000000	133868.000000	0.000000	1678603336.219056	0.000000
0.000000	531.000000	133869.000000	0.000000	1678603336.231556	0.000000
0.000000	532.000000	133876.000000	0.000000	1678603336.244056	0.000000
0.000000	529.000000	133878.000000	0.000000	1678603336.256556	0.000000
0.000000	530.000000	133875.000000	0.000000	1678603336.269055	0.000000
0.000000	531.000000	133886.000000	0.000000	1678603336.281555	0.000000
0.000000	532.000000	133812.000000	0.000000	1678603336.294055	0.000000
0.000000	529.000000	133827.000000	0.000000	1678603336.310670	0.000000
0.000000	530.000000	133846.000000	0.000000	1678603336.327285	0.000000
0.000000	530.000000	133886.000000	0.000000	1678603336.343900	0.000000
0.000000	529.000000	133906.000000	0.000000	1678603336.360515	0.000000
0.000000	530.000000	133884.000000	0.000000	1678603336.377130	0.000000
0.000000	531.000000	133876.000000	0.000000	1678603336.393744	0.000000
0.000000	530.000000	133842.000000	0.000000	1678603336.409282	0.000000
0.000000	529.000000	133929.000000	0.000000	1678603336.424820	0.000000
0.000000	528.000000	133866.000000	0.000000	1678603336.440357	0.000000
0.000000	530.000000	133906.000000	0.000000	1678603336.455895	0.000000
0.000000	527.000000	133938.000000	0.000000	1678603336.471433	0.000000
0.000000	528.000000	133895.000000	0.000000	1678603336.486970	0.000000
0.000000	528.000000	133922.000000	0.000000	1678603336.502304	0.000000
0.000000	528.000000	133960.000000	0.000000	1678603336.517638	0.000000
0.000000	529.000000	133935.000000	0.000000	1678603336.532971	0.000000
0.000000	528.000000	133983.000000	0.000000	1678603336.548305	0.000000
0.000000	526.000000	133962.000000	0.000000	1678603336.563639	0.000000
0.000000	527.000000	133958.000000	0.000000	1678603336.578973	0.000000
0.000000	527.000000	134017.000000	0.000000	1678603336.595779	0.000000
0.000000	526.000000	134029.000000	0.000000	1678603336.612585	0.000000
0.000000	528.000000	133994.000000	0.000000	1678603336.629391	0.000000
0.000000	527.000000	134014.000000	0.000000	1678603336.646197	0.000000
0.000000	528.000000	134025.000000	0.000000	1678603336.663002	0.000000
0.000000	529.000000	134000.000000	0.000000	1678603336.679808	0.000000
0.000000	527.000000	134033.000000	0.000000	1678603336.697537	0.000000
0.000000	528.000000	134032.000000	0.000000	1678603336.715265	0.000000
0.000000	528.000000	133973.000000	0.000000	1678603336.732994	0.000000
0.000000	528.000000	133990.000000	0.000000	1678603336.750722	0.000000
0.000000	527.000000	134034.000000	0.000000	1678603336.768450	0.000000
0.000000	528.000000	134026.000000	0.000000	1678603336.786179	0.000000
0.000000	527.000000	134014.000000	0.000000	1678603336.798633	0.000000
0.000000	528.000000	134049.000000	0.000000	1678603336.811088	0.000000
0.000000	528.000000	133983.000000	0.000000	1678603336.823542	0.000000
0.000000	528.000000	134067.000000	0.000000	1678603336.835996	0.000000
0.000000	527.000000	134051.000000	0.000000	1678603336.848451	0.000000
0.000000	528.000000	134071.000000	0.000000	1678603336.860905	0.000000
0.000000	527.000000	134105.000000	0.000000	1678603336.876349	0.000000
0.000000	528.000000	134055.000000	0.000000	1678603336.891792	0.000000
0.000000	528.000000	134075.000000	0.000000	1678603336.907236	0.000000
0.000000	527.000000	134087.000000	0.000000	1678603336.922679	0.000000
0.000000	528.000000	134094.000000	0.000000	1678603336.938123	0.000000
0.000000	528.000000	134056.000000	0.000000	1678603336.953566	0.000000
0.000000	528.000000	134104.000000	0.000000	1678603336.971125	0.000000
0.000000	527.000000	134100.000000	0.000000	1678603336.988684	0.000000
0.000000	529.000000	134056.000000	0.000000	1678603337.006242	0.000000
0.000000	528.000000	134102.000000	0.000000	1678603337.023801	0.000000
0.000000	528.000000	134059.000000	0.000000	1678603337.041360	0.000000
0.000000	528.000000	134098.000000	0.000000	1678603337.058918	0.000000
0.000000	527.000000	134165.000000	0.000000	1678603337.071681	0.000000
0.000000	526.000000	134102.000000	0.000000	1678603337.084445	0.000000
0.000000	526.000000	134059.000000	0.000000	1678603337.097208	0.000000
0.000000	526.000000	134130.000000	0.000000	1678603337.109972	0.000000
0.000000	526.000000	134124.000000	0.000000	1678603337.122735	0.000000
0.000000	525.000000	134154.000000	0.000000	1678603337.135498	0.000000
0.000000	526.000000	134126.000000	0.000000	1678603337.154648	0.000000
0.000000	525.000000	134086.000000	0.000000	1678603337.173798	0.000000
0.000000	526.000000	134097.000000	0.000000	1678603337.192948	0.000000
0.000000	526.000000	134092.000000	0.000000	1678603337.212098	0.000000
0.000000	526.000000	134088.000000	0.000000	1678603337.231248	0.000000
0.000000	526.000000	134063.000000	0.000000	1678603337.250398	0.000000
0.000000	525.000000	134059.000000	0.000000	1678603337.263456	0.000000
0.000000	527.000000	133996.000000	0.000000	1678603337.276514	0.000000
0.000000	526.000000	134012.000000	0.000000	1678603337.289572	0.000000
0.000000	527.000000	134029.000000	0.000000	1678603337.302629	0.000000
0.000000	528.000000	134005.000000	0.000000	1678603337.315687	0.000000
0.000000	527.000000	133971.000000	0.000000	1678603337.328745	0.000000
0.000000	527.000000	134022.000000	0.000000	1678603337.343753	0.000000
0.000000	527.000000	133993.000000	0.000000	1678603337.358760	0.000000
0.000000	527.000000	133989.000000	0.000000	1678603337.373768	0.000000
0.000000	526.000000	133996.000000	0.000000	1678603337.388776	0.000000
0.000000	526.000000	133979.000000	0.000000	1678603337.403784	0.000000
0.000000	528.000000	133978.000000	0.000000	1678603337.418792	0.000000
0.000000	529.000000	133927.000000	0.000000	1678603337.435891	0.000000
0.000000	527.000000	133968.000000	0.000000	1678603337.452991	0.000000
0.000000	526.000000	133884.000000	0.000000	1678603337.470090	0.000000
0.000000	527.000000	133921.000000	0.000000	1678603337.487190	0.000000
0.000000	526.000000	133954.000000	0.000000	1678603337.504290	0.000000
0.000000	526.000000	133910.000000	0.000000	1678603337.521389	0.000000
0.000000	527.000000	133928.000000	0.000000	1678603337.536931	0.000000
0.000000	527.000000	133879.000000	0.000000	1678603337.552472	0.000000
0.000000	527.000000	133909.000000	0.000000	1678603337.568013	0.000000
0.000000	526.000000	133886.000000	0.000000	1678603337.583554	0.000000
0.000000	526.000000	133921.000000	0.000000	1678603337.599095	0.000000
0.000000	528.000000	133893.000000	0.000000	1678603337.614636	0.000000
0.000000	527.000000	133912.000000	0.000000	1678603337.629391	0.000000
0.000000	526.000000	133891.000000	0.000000	1678603337.644146	0.000000
0.000000	527.000000	133903.000000	0.000000	1678603337.658902	0.000000
0.000000	527.000000	133917.000000	0.000000	1678603337.673657	0.000000
0.000000	526.000000	133854.000000	0.000000	1678603337.688412	0.000000
0.000000	527.000000	133864.000000	0.000000	1678603337.703168	0.000000
0.000000	526.000000	133869.000000	0.000000	1678603337.718265	0.000000
0.000000	527.000000	133806.000000	0.000000	1678603337.733362	0.000000
0.000000	528.000000	133912.000000	0.000000	1678603337.748459	0.000000
0.000000	527.000000	133917.000000	0.000000	1678603337.763556	0.000000
0.000000	527.000000	133862.000000	0.000000	1678603337.778654	0.000000
0.000000	529.000000	133866.000000	0.000000	1678603337.793751	0.000000
0.000000	529.000000	133888.000000	0.000000	1678603337.810694	0.000000
0.000000	526.000000	133848.000000	0.000000	1678603337.827636	0.000000
0.000000	527.000000	133911.000000	0.000000	1678603337.844579	0.000000
0.000000	527.000000	133929.000000	0.000000	1678603337.861522	0.000000
0.000000	527.000000	133943.000000	0.000000	1678603337.878465	0.000000
0.000000	527.000000	133852.000000	0.000000	1678603337.895407	0.000000
0.000000	527.000000	133906.000000	0.000000	1678603337.910944	0.000000
0.000000	527.000000	133910.000000	0.000000	1678603337.926482	0.000000
0.000000	527.000000	133890.000000	0.000000	1678603337.942019	0.000000
0.000000	527.000000	133901.000000	0.000000	1678603337.957556	0.000000
0.000000	526.000000	133899.000000	0.000000	1678603337.973093	0.000000
0.000000	527.000000	133838.000000	0.000000	1678603337.988630	0.000000
0.000000	528.000000	133827.000000	0.000000	1678603338.003527	0.000000
0.000000	527.000000	133817.000000	0.000000	1678603338.018424	0.000000
0.000000	526.000000	133814.000000	0.000000	1678603338.033321	0.000000
0.000000	527.000000	133747.000000	0.000000	1678603338.048218	0.000000
0.000000	527.000000	133773.000000	0.000000	1678603338.063114	0.000000
0.000000	528.000000	133769.000000	0.000000	1678603338.078011	0.000000
0.000000	526.000000	133756.000000	0.000000	1678603338.095118	0.000000
0.000000	528.000000	133669.000000	0.000000	1678603338.112225	0.000000
0.000000	529.000000	133684.000000	0.000000	1678603338.129332	0.000000
0.000000	528.000000	133705.000000	0.000000	1678603338.146438	0.000000
0.000000	527.000000	133710.000000	0.000000	1678603338.163545	0.000000
0.000000	528.000000	133684.000000	0.000000	1678603338.180652	0.000000
0.000000	528.000000	133696.000000	0.000000	1678603338.195994	0.000000
0.000000	529.000000	133657.000000	0.000000	1678603338.211337	0.000000
0.000000	528.000000	133624.000000	0.000000	1678603338.226679	0.000000
0.000000	528.000000	133652.000000	0.000000	1678603338.242021	0.000000
0.000000	527.000000	133706.000000	0.000000	1678603338.257364	0.000000
0.000000	528.000000	133673.000000	0.000000	1678603338.272706	0.000000
0.000000	527.000000	133673.000000	0.000000	1678603338.290414	0.000000
0.000000	528.000000	133675.000000	0.000000	1678603338.308123	0.000000
0.000000	529.000000	133628.000000	0.000000	1678603338.325831	0.000000
0.000000	527.000000	133642.000000	0.000000	1678603338.343539	0.000000
0.000000	529.000000	133645.000000	0.000000	1678603338.361248	0.000000
0.000000	529.000000	133646.000000	0.000000	1678603338.378956	0.000000
0.000000	528.000000	133690.000000	0.000000	1678603338.393492	0.000000
0.000000	529.000000	133706.000000	0.000000	1678603338.408028	0.000000
0.000000	527.000000	133683.000000	0.000000	1678603338.422563	0.000000
0.000000	528.000000	133690.000000	0.000000	1678603338.437099	0.000000
0.000000	528.000000	133658.000000	0.000000	1678603338.451634	0.000000
0.000000	530.000000	133654.000000	0.000000	1678603338.466170	0.000000
0.000000	529.000000	133663.000000	0.000000	1678603338.479175	0.000000
0.000000	528.000000	133651.000000	0.000000	1678603338.492180	0.000000
0.000000	529.000000	133686.000000	0.000000	1678603338.505186	0.000000
0.000000	529.000000	133639.000000	0.000000	1678603338.518191	0.000000
0.000000	530.000000	133635.000000	0.000000	1678603338.531196	0.000000
0.000000	530.000000	133674.000000	0.000000	1678603338.544201	0.000000
0.000000	530.000000	133692.000000	0.000000	1678603338.561455	0.000000
0.000000	528.000000	133632.000000	0.000000	1678603338.578709	0.000000
0.000000	529.000000	133651.000000	0.000000	1678603338.595963	0.000000
0.000000	528.000000	133646.000000	0.000000	1678603338.613218	0.000000
0.000000	528.000000	133690.000000	0.000000	1678603338.630472	0.000000
0.000000	530.000000	133689.000000	0.000000	1678603338.647726	0.000000
0.000000	528.000000	133673.000000	0.000000	1678603338.667383	0.000000
0.000000	529.000000	133649.000000	0.000000	1678603338.687040	0.000000
0.000000	529.000000	133674.000000	0.000000	1678603338.706697	0.000000
0.000000	528.000000	133688.000000	0.000000	1678603338.726354	0.000000
0.000000	528.000000	133643.000000	0.000000	1678603338.746011	0.000000
0.000000	527.000000	133691.000000	0.000000	1678603338.765668	0.000000
0.000000	529.000000	133695.000000	0.000000	1678603338.776132	0.000000
0.000000	527.000000	133675.000000	0.000000	1678603338.786595	0.000000
0.000000	529.000000	133636.000000	0.000000	1678603338.797059	0.000000
0.000000	529.000000	133638.000000	0.000000	1678603338.807523	0.000000
0.000000	528.000000	133594.000000	0.000000	1678603338.817986	0.000000
0.000000	531.000000	133615.000000	0.000000	1678603338.828450	0.000000
0.000000	528.000000	133545.000000	0.000000	1678603338.843379	0.000000
0.000000	530.000000	133566.000000	0.000000	1678603338.858309	0.000000
0.000000	529.000000	133552.000000	0.000000	1678603338.873238	0.000000
0.000000	529.000000	133534.000000	0.000000	1678603338.888168	0.000000
0.000000	529.000000	133501.000000	0.000000	1678603338.903097	0.000000
0.000000	529.000000	133464.000000	0.000000	1678603338.918027	0.000000
0.000000	528.000000	133438.000000	0.000000	1678603338.935036	0.000000
0.000000	529.000000	133422.000000	0.000000	1678603338.952044	0.000000
0.000000	528.000000	133408.000000	0.000000	1678603338.969054	0.000000
0.000000	528.000000	133365.000000	0.000000	1678603338.986063	0.000000
0.000000	526.000000	133338.000000	0.000000	1678603339.003071	0.000000
0.000000	529.000000	133351.000000	0.000000	1678603339.020080	0.000000
0.000000	528.000000	133360.000000	0.000000	1678603339.035368	0.000000
0.000000	529.000000	133307.000000	0.000000	1678603339.050657	0.000000
0.000000	528.000000	133351.000000	0.000000	1678603339.065945	0.000000
0.000000	529.000000	133267.000000	0.000000	1678603339.081233	0.000000
0.000000	528.000000	133299.000000	0.000000	1678603339.096521	0.000000
0.000000	528.000000	133273.000000	0.000000	1678603339.111809	0.000000
0.000000	528.000000	133234.000000	0.000000	1678603339.127117	0.000000
0.000000	527.000000	133282.000000	0.000000	1678603339.142426	0.000000
0.000000	529.000000	133270.000000	0.000000	1678603339.157734	0.000000
0.000000	530.000000	133268.000000	0.000000	1678603339.173042	0.000000
0.000000	530.000000	133247.000000	0.000000	1678603339.188350	0.000000
0.000000	528.000000	133236.000000	0.000000	1678603339.203658	0.000000
0.000000	529.000000	133288.000000	0.000000	1678603339.221424	0.000000
0.000000	529.000000	133224.000000	0.000000	1678603339.239190	0.000000
0.000000	528.000000	133237.000000	0.000000	1678603339.256957	0.000000
0.000000	530.000000	133244.000000	0.000000	1678603339.274723	0.000000
0.000000	527.000000	133248.000000	0.000000	1678603339.292489	0.000000
0.000000	529.000000	133189.000000	0.000000	1678603339.310255	0.000000
0.000000	528.000000	133233.000000	0.000000	1678603339.322468	0.000000
0.000000	528.000000	133233.000000	0.000000	1678603339.334680	0.000000
0.000000	528.000000	133259.000000	0.000000	1678603339.346893	0.000000
0.000000	529.000000	133239.000000	0.000000	1678603339.359106	0.000000
0.000000	529.000000	133226.000000	0.000000	1678603339.371318	0.000000
0.000000	529.000000	133234.000000	0.000000	1678603339.383531	0.000000
0.000000	527.000000	133253.000000	0.000000	1678603339.401232	0.000000
0.000000	529.000000	133263.000000	0.000000	1678603339.418932	0.000000
0.000000	529.000000	133273.000000	0.000000	1678603339.436633	0.000000
0.000000	530.000000	133247.000000	0.000000	1678603339.454334	0.000000
0.000000	529.000000	133266.000000	0.000000	1678603339.472035	0.000000
0.000000	529.000000	133285.000000	0.000000	1678603339.489735	0.000000
0.000000	530.000000	133276.000000	0.000000	1678603339.504390	0.000000
0.000000	529.000000	133302.000000	0.000000	1678603339.519044	0.000000
0.000000	530.000000	133311.000000	0.000000	1678603339.533698	0.000000
0.000000	528.000000	133271.000000	0.000000	1678603339.548353	0.000000
0.000000	528.000000	133229.000000	0.000000	1678603339.563007	0.000000
0.000000	530.000000	133263.000000	0.000000	1678603339.577661	0.000000
0.000000	530.000000	133275.000000	0.000000	1678603339.594948	0.000000
0.000000	528.000000	133278.000000	0.000000	1678603339.612234	0.000000
0.000000	529.000000	133263.000000	0.000000	1678603339.629520	0.000000
0.000000	528.000000	133265.000000	0.000000	1678603339.646806	0.000000
0.000000	529.000000	133245.000000	0.000000	1678603339.664092	0.000000
0.000000	528.000000	133191.000000	0.000000	1678603339.681379	0.000000
0.000000	527.000000	133188.000000	0.000000	1678603339.694322	0.000000
0.000000	528.000000	133170.000000	0.000000	1678603339.707266	0.000000
0.000000	529.000000	133112.000000	0.000000	1678603339.720210	0.000000
0.000000	528.000000	133065.000000	0.000000	1678603339.733154	0.000000
0.000000	528.000000	133104.000000	0.000000	1678603339.746098	0.000000
0.000000	528.000000	133060.000000	0.000000	1678603339.759042	0.000000
0.000000	527.000000	133054.000000	0.000000	1678603339.776056	0.000000
0.000000	528.000000	133006.000000	0.000000	1678603339.793070	0.000000
0.000000	527.000000	132967.000000	0.000000	1678603339.810085	0.000000
0.000000	527.000000	132930.000000	0.000000	1678603339.827099	0.000000
0.000000	528.000000	132979.000000	0.000000	1678603339.844113	0.000000
0.000000	527.000000	132921.000000	0.000000	1678603339.861128	0.000000
0.000000	528.000000	132913.000000	0.000000	1678603339.878336	0.000000
0.000000	527.000000	132931.000000	0.000000	1678603339.895545	0.000000
0.000000	526.000000	132944.000000	0.000000	1678603339.912755	0.000000
0.000000	528.000000	132861.000000	0.000000	1678603339.929963	0.000000
0.000000	528.000000	132881.000000	0.000000	1678603339.947172	0.000000
0.000000	528.000000	132886.000000	0.000000	1678603339.964381	0.000000
0.000000	528.000000	132887.000000	0.000000	1678603339.977560	0.000000
0.000000	529.000000	132900.000000	0.000000	1678603339.990739	0.000000
0.000000	528.000000	132881.000000	0.000000	1678603340.003918	0.000000
0.000000	527.000000	132905.000000	0.000000	1678603340.017097	0.000000
0.000000	528.000000	132908.000000	0.000000	1678603340.030276	0.000000
0.000000	527.000000	132928.000000	0.000000	1678603340.043455	0.000000
0.000000	526.000000	132870.000000	0.000000	1678603340.060215	0.000000
0.000000	526.000000	132873.000000	0.000000	1678603340.076975	0.000000
0.000000	527.000000	132912.000000	0.000000	1678603340.093735	0.000000
0.000000	527.000000	132864.000000	0.000000	1678603340.110495	0.000000
0.000000	526.000000	132909.000000	0.000000	1678603340.127255	0.000000
0.000000	526.000000	132863.000000	0.000000	1678603340.144015	0.000000
0.000000	526.000000	132902.000000	0.000000	1678603340.159293	0.000000
0.000000	527.000000	132897.000000	0.000000	1678603340.174571	0.000000
0.000000	527.000000	132923.000000	0.000000	1678603340.189848	0.000000
0.000000	528.000000	132933.000000	0.000000	1678603340.205126	0.000000
0.000000	527.000000	132942.000000	0.000000	1678603340.220404	0.000000
0.000000	526.000000	132952.000000	0.000000	1678603340.235681	0.000000
0.000000	528.000000	132919.000000	0.000000	1678603340.251135	0.000000
0.000000	527.000000	132891.000000	0.000000	1678603340.266589	0.000000
0.000000	527.000000	132938.000000	0.000000	1678603340.282043	0.000000
0.000000	527.000000	132937.000000	0.000000	1678603340.297496	0.000000
0.000000	527.000000	132913.000000	0.000000	1678603340.312950	0.000000
0.000000	529.000000	132917.000000	0.000000	1678603340.328403	0.000000
0.000000	529.000000	132959.000000	0.000000	1678603340.345999	0.000000
0.000000	528.000000	132975.000000	0.000000	1678603340.363595	0.000000
0.000000	529.000000	132962.000000	0.000000	1678603340.381191	0.000000
0.000000	527.000000	132988.000000	0.000000	1678603340.398786	0.000000
0.000000	527.000000	132963.000000	0.000000	1678603340.416382	0.000000
0.000000	529.000000	132948.000000	0.000000	1678603340.433978	0.000000
0.000000	528.000000	132936.000000	0.000000	1678603340.449076	0.000000
0.000000	528.000000	132981.000000	0.000000	1678603340.464174	0.000000
0.000000	528.000000	132963.000000	0.000000	1678603340.479272	0.000000
0.000000	529.000000	132960.000000	0.000000	1678603340.494370	0.000000
0.000000	529.000000	133006.000000	0.000000	1678603340.509468	0.000000
0.000000	529.000000	132934.000000	0.000000	1678603340.524566	0.000000
0.000000	529.000000	132911.000000	0.000000	1678603340.541148	0.000000
0.000000	529.000000	132923.000000	0.000000	1678603340.557729	0.000000
0.000000	529.000000	132916.000000	0.000000	1678603340.574310	0.000000
0.000000	529.000000	132908.000000	0.000000	1678603340.590891	0.000000
0.000000	530.000000	132872.000000	0.000000	1678603340.607472	0.000000
0.000000	529.000000	132835.000000	0.000000	1678603340.624053	0.000000
0.000000	529.000000	132821.000000	0.000000	1678603340.637239	0.000000
0.000000	528.000000	132818.000000	0.000000	1678603340.650424	0.000000
0.000000	529.000000	132791.000000	0.000000	1678603340.663610	0.000000
0.000000	529.000000	132765.000000	0.000000	1678603340.676795	0.000000
0.000000	530.000000	132762.000000	0.000000	1678603340.689981	0.000000
0.000000	528.000000	132763.000000	0.000000	1678603340.703166	0.000000
0.000000	529.000000	132675.000000	0.000000	1678603340.718325	0.000000
0.000000	528.000000	132680.000000	0.000000	1678603340.733484	0.000000
0.000000	528.000000	132660.000000	0.000000	1678603340.748643	0.000000
0.000000	529.000000	132711.000000	0.000000	1678603340.763802	0.000000
0.000000	529.000000	132680.000000	0.000000	1678603340.778960	0.000000
0.000000	528.000000	132661.000000	0.000000	1678603340.794119	0.000000
0.000000	527.000000	132680.000000	0.000000	1678603340.811038	0.000000
0.000000	528.000000	132683.000000	0.000000	1678603340.827957	0.000000
0.000000	528.000000	132689.000000	0.000000	1678603340.844876	0.000000
0.000000	528.000000	132627.000000	0.000000	1678603340.861795	0.000000
0.000000	528.000000	132667.000000	0.000000	1678603340.878714	0.000000
0.000000	529.000000	132700.000000	0.000000	1678603340.895633	0.000000
0.000000	529.000000	132683.000000	0.000000	1678603340.910778	0.000000
0.000000	529.000000	132643.000000	0.000000	1678603340.925923	0.000000
0.000000	529.000000	132680.000000	0.000000	1678603340.941068	0.000000
0.000000	530.000000	132712.000000	0.000000	1678603340.956213	0.000000
0.000000	529.000000	132675.000000	0.000000	1678603340.971359	0.000000
0.000000	530.000000	132709.000000	0.000000	1678603340.986504	0.000000
0.000000	529.000000	132691.000000	0.000000	1678603341.001697	0.000000
0.000000	530.000000	132722.000000	0.000000	1678603341.016891	0.000000
0.000000	530.000000	132711.000000	0.000000	1678603341.032084	0.000000
0.000000	530.000000	132686.000000	0.000000	1678603341.047278	0.000000
0.000000	530.000000	132743.000000	0.000000	1678603341.062472	0.000000
0.000000	530.000000	132692.000000	0.000000	1678603341.077665	0.000000
0.000000	529.000000	132743.000000	0.000000	1678603341.092802	0.000000
0.000000	529.000000	132723.000000	0.000000	1678603341.107939	0.000000
0.000000	529.000000	132749.000000	0.000000	1678603341.123076	0.000000
0.000000	528.000000	132788.000000	0.000000	1678603341.138213	0.000000
0.000000	530.000000	132741.000000	0.000000	1678603341.153351	0.000000
0.000000	528.000000	132763.000000	0.000000	1678603341.168488	0.000000
0.000000	529.000000	132800.000000	0.000000	1678603341.183362	0.000000
0.000000	529.000000	132747.000000	0.000000	1678603341.198236	0.000000
0.000000	530.000000	132701.000000	0.000000	1678603341.213110	0.000000
0.000000	530.000000	132769.000000	0.000000	1678603341.227984	0.000000
0.000000	529.000000	132745.000000	0.000000	1678603341.242858	0.000000
0.000000	530.000000	132807.000000	0.000000	1678603341.257733	0.000000
0.000000	530.000000	132809.000000	0.000000	1678603341.274993	0.000000
0.000000	529.000000	132787.000000	0.000000	1678603341.292253	0.000000
0.000000	530.000000	132844.000000	0.000000	1678603341.309513	0.000000
0.000000	530.000000	132807.000000	0.000000	1678603341.326773	0.000000
0.000000	531.000000	132859.000000	0.000000	1678603341.344033	0.000000
0.000000	529.000000	132823.000000	0.000000	1678603341.361293	0.000000
0.000000	530.000000	132833.000000	0.000000	1678603341.376431	0.000000
0.000000	530.000000	132853.000000	0.000000	1678603341.391569	0.000000
0.000000	528.000000	132792.000000	0.000000	1678603341.406707	0.000000
0.000000	529.000000	132820.000000	0.000000	1678603341.421845	0.000000
0.000000	528.000000	132740.000000	0.000000	1678603341.436983	0.000000
0.000000	529.000000	132812.000000	0.000000	1678603341.452121	0.000000
0.000000	529.000000	132759.000000	0.000000	1678603341.467387	0.000000
0.000000	528.000000	132771.000000	0.000000	1678603341.482653	0.000000
0.000000	528.000000	132741.000000	0.000000	1678603341.497919	0.000000
0.000000	528.000000	132729.000000	0.000000	1678603341.513185	0.000000
0.000000	528.000000	132704.000000	0.000000	1678603341.528451	0.000000
0.000000	529.000000	132658.000000	0.000000	1678603341.543717	0.000000
0.000000	529.000000	132683.000000	0.000000	1678603341.561053	0.000000
0.000000	529.000000	132654.000000	0.000000	1678603341.578389	0.000000
0.000000	529.000000	132655.000000	0.000000	1678603341.595725	0.000000
0.000000	530.000000	132623.000000	0.000000	1678603341.613061	0.000000
0.000000	529.000000	132681.000000	0.000000	1678603341.630397	0.000000
0.000000	529.000000	132643.000000	0.000000	1678603341.647732	0.000000
0.000000	528.000000	132672.000000	0.000000	1678603341.664868	0.000000
0.000000	529.000000	132695.000000	0.000000	1678603341.682004	0.000000
0.000000	528.000000	132670.000000	0.000000	1678603341.699140	0.000000
0.000000	528.000000	132714.000000	0.000000	1678603341.716276	0.000000
0.000000	528.000000	132752.000000	0.000000	1678603341.733412	0.000000
0.000000	528.000000	132706.000000	0.000000	1678603341.750548	0.000000
0.000000	527.000000	132780.000000	0.000000	1678603341.763390	0.000000
0.000000	528.000000	132758.000000	0.000000	1678603341.776232	0.000000
0.000000	527.000000	132762.000000	0.000000	1678603341.789074	0.000000
0.000000	528.000000	132725.000000	0.000000	1678603341.801916	0.000000
0.000000	528.000000	132729.000000	0.000000	1678603341.814759	0.000000
0.000000	529.000000	132739.000000	0.000000	1678603341.827601	0.000000
0.000000	528.000000	132731.000000	0.000000	1678603341.845001	0.000000
0.000000	527.000000	132769.000000	0.000000	1678603341.862402	0.000000
0.000000	529.000000	132705.000000	0.000000	1678603341.879802	0.000000
0.000000	529.000000	132744.000000	0.000000	1678603341.897202	0.000000
0.000000	528.000000	132743.000000	0.000000	1678603341.914603	0.000000
0.000000	528.000000	132710.000000	0.000000	1678603341.932003	0.000000
0.000000	528.000000	132767.000000	0.000000	1678603341.944628	0.000000
0.000000	528.000000	132756.000000	0.000000	1678603341.957252	0.000000
0.000000	527.000000	132732.000000	0.000000	1678603341.969876	0.000000
0.000000	528.000000	132705.000000	0.000000	1678603341.982501	0.000000
0.000000	527.000000	132754.000000	0.000000	1678603341.995125	0.000000
0.000000	528.000000	132771.000000	0.000000	1678603342.007749	0.000000
0.000000	529.000000	132782.000000	0.000000	1678603342.025195	0.000000
0.000000	527.000000	132718.000000	0.000000	1678603342.042640	0.000000
0.000000	529.000000	132759.000000	0.000000	1678603342.060086	0.000000
0.000000	528.000000	132720.000000	0.000000	1678603342.077531	0.000000
0.000000	528.000000	132767.000000	0.000000	1678603342.094976	0.000000
0.000000	528.000000	132778.000000	0.000000	1678603342.112422	0.000000
0.000000	527.000000	132754.000000	0.000000	1678603342.132151	0.000000
0.000000	527.000000	132799.000000	0.000000	1678603342.151881	0.000000
0.000000	528.000000	132804.000000	0.000000	1678603342.171610	0.000000
0.000000	527.000000	132740.000000	0.000000	1678603342.191340	0.000000
0.000000	528.000000	132819.000000	0.000000	1678603342.211069	0.000000
0.000000	527.000000	132815.000000	0.000000	1678603342.230798	0.000000
0.000000	529.000000	132809.000000	0.000000	1678603342.241184	0.000000
0.000000	528.000000	132829.000000	0.000000	1678603342.251570	0.000000
0.000000	527.000000	132813.000000	0.000000	1678603342.261956	0.000000
0.000000	528.000000	132717.000000	0.000000	1678603342.272342	0.000000
0.000000	526.000000	132788.000000	0.000000	1678603342.282728	0.000000
0.000000	528.000000	132792.000000	0.000000	1678603342.293114	0.000000
0.000000	530.000000	132731.000000	0.000000	1678603342.308398	0.000000
0.000000	528.000000	132780.000000	0.000000	1678603342.323683	0.000000
0.000000	529.000000	132777.000000	0.000000	1678603342.338967	0.000000
0.000000	529.000000	132757.000000	0.000000	1678603342.354251	0.000000
0.000000	528.000000	132692.000000	0.000000	1678603342.369535	0.000000
0.000000	529.000000	132746.000000	0.000000	1678603342.384819	0.000000
0.000000	528.000000	132710.000000	0.000000	1678603342.401970	0.000000
0.000000	528.000000	132700.000000	0.000000	1678603342.419122	0.000000
0.000000	529.000000	132731.000000	0.000000	1678603342.436273	0.000000
0.000000	528.000000	132767.000000	0.000000	1678603342.453424	0.000000
0.000000	529.000000	132703.000000	0.000000	1678603342.470575	0.000000
0.000000	529.000000	132749.000000	0.000000	1678603342.487727	0.000000
0.000000	529.000000	132719.000000	0.000000	1678603342.502738	0.000000
0.000000	529.000000	132731.000000	0.000000	1678603342.517750	0.000000
0.000000	529.000000	132720.000000	0.000000	1678603342.532762	0.000000
0.000000	529.000000	132734.000000	0.000000	1678603342.547774	0.000000
0.000000	530.000000	132744.000000	0.000000	1678603342.562786	0.000000
0.000000	529.000000	132710.000000	0.000000	1678603342.577798	0.000000
0.000000	530.000000	132731.000000	0.000000	1678603342.592999	0.000000
0.000000	529.000000	132752.000000	0.000000	1678603342.608201	0.000000
0.000000	529.000000	132749.000000	0.000000	1678603342.623402	0.000000
0.000000	529.000000	132765.000000	0.000000	1678603342.638604	0.000000
0.000000	529.000000	132782.000000	0.000000	1678603342.653805	0.000000
0.000000	530.000000	132755.000000	0.000000	1678603342.669007	0.000000
0.000000	530.000000	132729.000000	0.000000	1678603342.686219	0.000000
0.000000	528.000000	132716.000000	0.000000	1678603342.703432	0.000000
0.000000	529.000000	132770.000000	0.000000	1678603342.720644	0.000000
0.000000	529.000000	132739.000000	0.000000	1678603342.737856	0.000000
0.000000	529.000000	132746.000000	0.000000	1678603342.755069	0.000000
0.000000	530.000000	132745.000000	0.000000	1678603342.772281	0.000000
0.000000	530.000000	132741.000000	0.000000	1678603342.789419	0.000000
0.000000	528.000000	132813.000000	0.000000	1678603342.806556	0.000000
0.000000	529.000000	132776.000000	0.000000	1678603342.823694	0.000000
0.000000	528.000000	132803.000000	0.000000	1678603342.840831	0.000000
0.000000	529.000000	132802.000000	0.000000	1678603342.857969	0.000000
0.000000	529.000000	132806.000000	0.000000	1678603342.875106	0.000000
0.000000	529.000000	132823.000000	0.000000	1678603342.890193	0.000000
0.000000	529.000000	132815.000000	0.000000	1678603342.905279	0.000000
0.000000	530.000000	132844.000000	0.000000	1678603342.920365	0.000000
0.000000	529.000000	132835.000000	0.000000	1678603342.935452	0.000000
0.000000	528.000000	132849.000000	0.000000	1678603342.950538	0.000000
0.000000	529.000000	132820.000000	0.000000	1678603342.965624	0.000000
0.000000	530.000000	132871.000000	0.000000	1678603342.978473	0.000000
0.000000	528.000000	132820.000000	0.000000	1678603342.991322	0.000000
0.000000	529.000000	132799.000000	0.000000	1678603343.004170	0.000000
0.000000	529.000000	132887.000000	0.000000	1678603343.017019	0.000000
0.000000	530.000000	132840.000000	0.000000	1678603343.029868	0.000000
0.000000	529.000000	132897.000000	0.000000	1678603343.042717	0.000000
0.000000	529.000000	132881.000000	0.000000	1678603343.062483	0.000000
0.000000	528.000000	132924.000000	0.000000	1678603343.082249	0.000000
0.000000	529.000000	132891.000000	0.000000	1678603343.102016	0.000000
0.000000	530.000000	132926.000000	0.000000	1678603343.121782	0.000000
0.000000	530.000000	132873.000000	0.000000	1678603343.141549	0.000000
0.000000	529.000000	132912.000000	0.000000	1678603343.161315	0.000000
0.000000	528.000000	132935.000000	0.000000	1678603343.176632	0.000000
0.000000	528.000000	132896.000000	0.000000	1678603343.191950	0.000000
0.000000	528.000000	132947.000000	0.000000	1678603343.207267	0.000000
0.000000	528.000000	132908.000000	0.000000	1678603343.222585	0.000000
0.000000	527.000000	132966.000000	0.000000	1678603343.237902	0.000000
0.000000	527.000000	132919.000000	0.000000	1678603343.253220	0.000000
0.000000	527.000000	133000.000000	0.000000	1678603343.265766	0.000000
0.000000	527.000000	132970.000000	0.000000	1678603343.278312	0.000000
0.000000	527.000000	133011.000000	0.000000	1678603343.290858	0.000000
0.000000	528.000000	132975.000000	0.000000	1678603343.303404	0.000000
0.000000	529.000000	132984.000000	0.000000	1678603343.315950	0.000000
0.000000	528.000000	133000.000000	0.000000	1678603343.328496	0.000000
0.000000	528.000000	133022.000000	0.000000	1678603343.345563	0.000000
0.000000	529.000000	132922.000000	0.000000	1678603343.362631	0.000000
0.000000	528.000000	132977.000000	0.000000	1678603343.379699	0.000000
0.000000	529.000000	132903.000000	0.000000	1678603343.396766	0.000000
0.000000	529.000000	132933.000000	0.000000	1678603343.413834	0.000000
0.000000	530.000000	132960.000000	0.000000	1678603343.430901	0.000000
0.000000	531.000000	132974.000000	0.000000	1678603343.443801	0.000000
0.000000	530.000000	132911.000000	0.000000	1678603343.456700	0.000000
0.000000	529.000000	132898.000000	0.000000	1678603343.469599	0.000000
0.000000	529.000000	132949.000000	0.000000	1678603343.482499	0.000000
0.000000	530.000000	132913.000000	0.000000	1678603343.495398	0.000000
0.000000	529.000000	132946.000000	0.000000	1678603343.508297	0.000000
0.000000	528.000000	132951.000000	0.000000	1678603343.525676	0.000000
0.000000	528.000000	132936.000000	0.000000	1678603343.543056	0.000000
0.000000	529.000000	132931.000000	0.000000	1678603343.560435	0.000000
0.000000	530.000000	132961.000000	0.000000	1678603343.577814	0.000000
0.000000	530.000000	132936.000000	0.000000	1678603343.595194	0.000000
0.000000	529.000000	132944.000000	0.000000	1678603343.612573	0.000000
0.000000	529.000000	132877.000000	0.000000	1678603343.627509	0.000000
0.000000	529.000000	132967.000000	0.000000	1678603343.642445	0.000000
0.000000	529.000000	132909.000000	0.000000	1678603343.657381	0.000000
0.000000	530.000000	132936.000000	0.000000	1678603343.672318	0.000000
0.000000	529.000000	132919.000000	0.000000	1678603343.687253	0.000000
0.000000	529.000000	132970.000000	0.000000	1678603343.702190	0.000000
0.000000	530.000000	132998.000000	0.000000	1678603343.717288	0.000000
0.000000	531.000000	132983.000000	0.000000	1678603343.732386	0.000000
0.000000	529.000000	133006.000000	0.000000	1678603343.747484	0.000000
0.000000	529.000000	132980.000000	0.000000	1678603343.762582	0.000000
0.000000	529.000000	132941.000000	0.000000	1678603343.777681	0.000000
0.000000	530.000000	132989.000000	0.000000	1678603343.792779	0.000000
0.000000	530.000000	132999.000000	0.000000	1678603343.807930	0.000000
0.000000	531.000000	133049.000000	0.000000	1678603343.823080	0.000000
0.000000	529.000000	133061.000000	0.000000	1678603343.838231	0.000000
0.000000	529.000000	132988.000000	0.000000	1678603343.853382	0.000000
0.000000	529.000000	133006.000000	0.000000	1678603343.868533	0.000000
0.000000	529.000000	132980.000000	0.000000	1678603343.883684	0.000000
0.000000	529.000000	133038.000000	0.000000	1678603343.900779	0.000000
0.000000	529.000000	133055.000000	0.000000	1678603343.917875	0.000000
0.000000	529.000000	132973.000000	0.000000	1678603343.934971	0.000000
0.000000	529.000000	133114.000000	0.000000	1678603343.952067	0.000000
0.000000	530.000000	133022.000000	0.000000	1678603343.969163	0.000000
0.000000	529.000000	133074.000000	0.000000	1678603343.986259	0.000000
0.000000	527.000000	133100.000000	0.000000	1678603344.001413	0.000000
0.000000	529.000000	133094.000000	0.000000	1678603344.016567	0.000000
0.000000	528.000000	133103.000000	0.000000	1678603344.031722	0.000000
0.000000	529.000000	133083.000000	0.000000	1678603344.046876	0.000000
0.000000	530.000000	133112.000000	0.000000	1678603344.062031	0.000000
0.000000	530.000000	133046.000000	0.000000	1678603344.077185	0.000000
0.000000	529.000000	133037.000000	0.000000	1678603344.094814	0.000000
0.000000	530.000000	133008.000000	0.000000	1678603344.112443	0.000000
0.000000	528.000000	133055.000000	0.000000	1678603344.130072	0.000000
0.000000	530.000000	133049.000000	0.000000	1678603344.147701	0.000000
0.000000	530.000000	133050.000000	0.000000	1678603344.165329	0.000000
0.000000	529.000000	133003.000000	0.000000	1678603344.182958	0.000000
0.000000	530.000000	132967.000000	0.000000	1678603344.195421	0.000000
0.000000	529.000000	132989.000000	0.000000	1678603344.207883	0.000000
0.000000	529.000000	132982.000000	0.000000	1678603344.220345	0.000000
0.000000	529.000000	132952.000000	0.000000	1678603344.232807	0.000000
0.000000	529.000000	132923.000000	0.000000	1678603344.245270	0.000000
0.000000	529.000000	132930.000000	0.000000	1678603344.257732	0.000000
0.000000	529.000000	132897.000000	0.000000	1678603344.274967	0.000000
0.000000	530.000000	132936.000000	0.000000	1678603344.292202	0.000000
0.000000	530.000000	132928.000000	0.000000	1678603344.309438	0.000000
0.000000	528.000000	132948.000000	0.000000	1678603344.326673	0.000000
0.000000	530.000000	132867.000000	0.000000	1678603344.343908	0.000000
0.000000	530.000000	132909.000000	0.000000	1678603344.361143	0.000000
0.000000	528.000000	132921.000000	0.000000	1678603344.376553	0.000000
0.000000	529.000000	132863.000000	0.000000	1678603344.391962	0.000000
0.000000	529.000000	132873.000000	0.000000	1678603344.407371	0.000000
0.000000	530.000000	132849.000000	0.000000	1678603344.422780	0.000000
0.000000	531.000000	132895.000000	0.000000	1678603344.438190	0.000000
0.000000	528.000000	132927.000000	0.000000	1678603344.453599	0.000000
0.000000	529.000000	132904.000000	0.000000	1678603344.470651	0.000000
0.000000	530.000000	132835.000000	0.000000	1678603344.487703	0.000000
0.000000	530.000000	132866.000000	0.000000	1678603344.504756	0.000000
0.000000	529.000000	132846.000000	0.000000	1678603344.521808	0.000000
0.000000	529.000000	132904.000000	0.000000	1678603344.538860	0.000000
0.000000	529.000000	132874.000000	0.000000	1678603344.555913	0.000000
0.000000	529.000000	132930.000000	0.000000	1678603344.569019	0.000000
0.000000	530.000000	132864.000000	0.000000	1678603344.582126	0.000000
0.000000	530.000000	132865.000000	0.000000	1678603344.595233	0.000000
0.000000	530.000000	132869.000000	0.000000	1678603344.608340	0.000000
0.000000	530.000000	132852.000000	0.000000	1678603344.621446	0.000000
0.000000	529.000000	132823.000000	0.000000	1678603344.634553	0.000000
0.000000	529.000000	132908.000000	0.000000	1678603344.651517	0.000000
0.000000	529.000000	132891.000000	0.000000	1678603344.668481	0.000000
0.000000	529.000000	132845.000000	0.000000	1678603344.685446	0.000000
0.000000	528.000000	132872.000000	0.000000	1678603344.702410	0.000000
0.000000	531.000000	132874.000000	0.000000	1678603344.719374	0.000000
0.000000	527.000000	132882.000000	0.000000	1678603344.736338	0.000000
0.000000	530.000000	132933.000000	0.000000	1678603344.751673	0.000000
0.000000	530.000000	132895.000000	0.000000	1678603344.767009	0.000000
0.000000	529.000000	132980.000000	0.000000	1678603344.782344	0.000000
0.000000	530.000000	132911.000000	0.000000	1678603344.797679	0.000000
0.000000	529.000000	132962.000000	0.000000	1678603344.813014	0.000000
0.000000	528.000000	132885.000000	0.000000	1678603344.828350	0.000000
0.000000	529.000000	132965.000000	0.000000	1678603344.843462	0.000000
0.000000	530.000000	132942.000000	0.000000	1678603344.858575	0.000000
0.000000	529.000000	132953.000000	0.000000	1678603344.873688	0.000000
0.000000	530.000000	132992.000000	0.000000	1678603344.888801	0.000000
0.000000	529.000000	132960.000000	0.000000	1678603344.903914	0.000000
0.000000	530.000000	132974.000000	0.000000	1678603344.919027	0.000000
0.000000	528.000000	132905.000000	0.000000	1678603344.933828	0.000000
0.000000	528.000000	132985.000000	0.000000	1678603344.948629	0.000000
0.000000	530.000000	132959.000000	0.000000	1678603344.963430	0.000000
0.000000	529.000000	133004.000000	0.000000	1678603344.978230	0.000000
0.000000	530.000000	132992.000000	0.000000	1678603344.993032	0.000000
0.000000	530.000000	133003.000000	0.000000	1678603345.007832	0.000000
0.000000	527.000000	133039.000000	0.000000	1678603345.024885	0.000000
0.000000	531.000000	133005.000000	0.000000	1678603345.041938	0.000000
0.000000	528.000000	132965.000000	0.000000	1678603345.058990	0.000000
0.000000	529.000000	132932.000000	0.000000	1678603345.076043	0.000000
0.000000	529.000000	132928.000000	0.000000	1678603345.093096	0.000000
0.000000	530.000000	132959.000000	0.000000	1678603345.110148	0.000000
0.000000	529.000000	132866.000000	0.000000	1678603345.125547	0.000000
0.000000	528.000000	132868.000000	0.000000	1678603345.140946	0.000000
0.000000	529.000000	132911.000000	0.000000	1678603345.156345	0.000000
0.000000	529.000000	132864.000000	0.000000	1678603345.171745	0.000000
0.000000	530.000000	132847.000000	0.000000	1678603345.187144	0.000000
0.000000	529.000000	132819.000000	0.000000	1678603345.202543	0.000000
0.000000	528.000000	132775.000000	0.000000	1678603345.219990	0.000000
0.000000	529.000000	132786.000000	0.000000	1678603345.237437	0.000000
0.000000	529.000000	132745.000000	0.000000	1678603345.254884	0.000000
0.000000	528.000000	132750.000000	0.000000	1678603345.272332	0.000000
0.000000	528.000000	132730.000000	0.000000	1678603345.289779	0.000000
0.000000	528.000000	132696.000000	0.000000	1678603345.307226	0.000000
0.000000	530.000000	132691.000000	0.000000	1678603345.321740	0.000000
0.000000	528.000000	132702.000000	0.000000	1678603345.336253	0.000000
0.000000	529.000000	132680.000000	0.000000	1678603345.350766	0.000000
0.000000	528.000000	132678.000000	0.000000	1678603345.365279	0.000000
0.000000	529.000000	132698.000000	0.000000	1678603345.379792	0.000000
0.000000	529.000000	132645.000000	0.000000	1678603345.394305	0.000000
0.000000	527.000000	132678.000000	0.000000	1678603345.411811	0.000000
0.000000	530.000000	132641.000000	0.000000	1678603345.429317	0.000000
0.000000	529.000000	132632.000000	0.000000	1678603345.446823	0.000000
0.000000	528.000000	132656.000000	0.000000	1678603345.464328	0.000000
0.000000	531.000000	132649.000000	0.000000	1678603345.481834	0.000000
0.000000	528.000000	132667.000000	0.000000	1678603345.499340	0.000000
0.000000	528.000000	132658.000000	0.000000	1678603345.512314	0.000000
0.000000	528.000000	132653.000000	0.000000	1678603345.525289	0.000000
0.000000	529.000000	132614.000000	0.000000	1678603345.538264	0.000000
0.000000	529.000000	132598.000000	0.000000	1678603345.551239	0.000000
0.000000	528.000000	132606.000000	0.000000	1678603345.564214	0.000000
0.000000	530.000000	132606.000000	0.000000	1678603345.577189	0.000000
0.000000	528.000000	132678.000000	0.000000	1678603345.592543	0.000000
0.000000	528.000000	132641.000000	0.000000	1678603345.607898	0.000000
0.000000	528.000000	132624.000000	0.000000	1678603345.623252	0.000000
0.000000	529.000000	132641.000000	0.000000	1678603345.638606	0.000000
0.000000	528.000000	132652.000000	0.000000	1678603345.653960	0.000000
0.000000	529.000000	132602.000000	0.000000	1678603345.669315	0.000000
0.000000	529.000000	132620.000000	0.000000	1678603345.689328	0.000000
0.000000	530.000000	132631.000000	0.000000	1678603345.709341	0.000000
0.000000	529.000000	132641.000000	0.000000	1678603345.729355	0.000000
0.000000	528.000000	132577.000000	0.000000	1678603345.749368	0.000000
0.000000	530.000000	132633.000000	0.000000	1678603345.769381	0.000000
0.000000	530.000000	132588.000000	0.000000	1678603345.789394	0.000000
0.000000	529.000000	132635.000000	0.000000	1678603345.801330	0.000000
0.000000	530.000000	132644.000000	0.000000	1678603345.813265	0.000000
0.000000	530.000000	132636.000000	0.000000	1678603345.825201	0.000000
0.000000	529.000000	132676.000000	0.000000	1678603345.837136	0.000000
0.000000	530.000000	132677.000000	0.000000	1678603345.849071	0.000000
0.000000	529.000000	132590.000000	0.000000	1678603345.861006	0.000000
0.000000	530.000000	132622.000000	0.000000	1678603345.876406	0.000000
0.000000	529.000000	132599.000000	0.000000	1678603345.891806	0.000000
0.000000	529.000000	132633.000000	0.000000	1678603345.907206	0.000000
0.000000	529.000000	132621.000000	0.000000	1678603345.922605	0.000000
0.000000	529.000000	132625.000000	0.000000	1678603345.938005	0.000000
0.000000	528.000000	132549.000000	0.000000	1678603345.953405	0.000000
0.000000	528.000000	132559.000000	0.000000	1678603345.970691	0.000000
0.000000	528.000000	132531.000000	0.000000	1678603345.987977	0.000000
0.000000	529.000000	132493.000000	0.000000	1678603346.005263	0.000000
0.000000	528.000000	132478.000000	0.000000	1678603346.022549	0.000000
0.000000	528.000000	132440.000000	0.000000	1678603346.039835	0.000000
0.000000	529.000000	132381.000000	0.000000	1678603346.057122	0.000000
0.000000	529.000000	132446.000000	0.000000	1678603346.072311	0.000000
0.000000	527.000000	132396.000000	0.000000	1678603346.087500	0.000000
0.000000	528.000000	132360.000000	0.000000	1678603346.102689	0.000000
0.000000	528.000000	132361.000000	0.000000	1678603346.117878	0.000000
0.000000	528.000000	132260.000000	0.000000	1678603346.133067	0.000000
0.000000	529.000000	132244.000000	0.000000	1678603346.148257	0.000000
0.000000	528.000000	132309.000000	0.000000	1678603346.163017	0.000000
0.000000	530.000000	132276.000000	0.000000	1678603346.177778	0.000000
0.000000	530.000000	132220.000000	0.000000	1678603346.192538	0.000000
0.000000	528.000000	132260.000000	0.000000	1678603346.207299	0.000000
0.000000	528.000000	132235.000000	0.000000	1678603346.222059	0.000000
0.000000	530.000000	132277.000000	0.000000	1678603346.236820	0.000000
0.000000	530.000000	132247.000000	0.000000	1678603346.254529	0.000000
0.000000	530.000000	132216.000000	0.000000	1678603346.272239	0.000000
0.000000	530.000000	132227.000000	0.000000	1678603346.289949	0.000000
0.000000	530.000000	132217.000000	0.000000	1678603346.307659	0.000000
0.000000	529.000000	132239.000000	0.000000	1678603346.325369	0.000000
0.000000	528.000000	132222.000000	0.000000	1678603346.343079	0.000000
0.000000	529.000000	132275.000000	0.000000	1678603346.357793	0.000000
0.000000	528.000000	132219.000000	0.000000	1678603346.372506	0.000000
0.000000	529.000000	132266.000000	0.000000	1678603346.387220	0.000000
0.000000	529.000000	132243.000000	0.000000	1678603346.401933	0.000000
0.000000	529.000000	132235.000000	0.000000	1678603346.416646	0.000000
0.000000	529.000000	132233.000000	0.000000	1678603346.431360	0.000000
0.000000	513.000000	189715.000000	0.000000	1678605471.500310	0.000000
0.000000	512.000000	189658.000000	0.000000	1678605471.517767	0.000000
0.000000	516.000000	190068.000000	0.000000	1678605471.535223	0.000000
0.000000	516.000000	192080.000000	0.000000	1678605471.552680	0.000000
0.000000	522.000000	199340.000000	0.000000	1678605471.570136	0.000000
0.000000	525.000000	204017.000000	0.000000	1678605471.587593	0.000000
0.000000	533.000000	202500.000000	0.000000	1678605471.605282	0.000000
0.000000	529.000000	199743.000000	0.000000	1678605471.622971	0.000000
0.000000	531.000000	198842.000000	0.000000	1678605471.640660	0.000000
0.000000	538.000000	199403.000000	0.000000	1678605471.658349	0.000000
0.000000	550.000000	196007.000000	0.000000	1678605471.676038	0.000000
0.000000	549.000000	190765.000000	0.000000	1678605471.693727	0.000000
0.000000	537.000000	187704.000000	0.000000	1678605471.708424	0.000000
0.000000	527.000000	186629.000000	0.000000	1678605471.723121	0.000000
0.000000	519.000000	186011.000000	0.000000	1678605471.737818	0.000000
0.000000	517.000000	185627.000000	0.000000	1678605471.752515	0.000000
0.000000	514.000000	184827.000000	0.000000	1678605471.767212	0.000000
0.000000	514.000000	184836.000000	0.000000	1678605471.781909	0.000000
0.000000	504.000000	185176.000000	0.000000	1678605471.794662	0.000000
0.000000	495.000000	184378.000000	0.000000	1678605471.807414	0.000000
0.000000	498.000000	182328.000000	0.000000	1678605471.820166	0.000000
0.000000	497.000000	180441.000000	0.000000	1678605471.832919	0.000000
0.000000	496.000000	179013.000000	0.000000	1678605471.845671	0.000000
0.000000	497.000000	177938.000000	0.000000	1678605471.858423	0.000000
0.000000	497.000000	177183.000000	0.000000	1678605471.875255	0.000000
0.000000	495.000000	176465.000000	0.000000	1678605471.892087	0.000000
0.000000	494.000000	175465.000000	0.000000	1678605471.908919	0.000000
0.000000	497.000000	174533.000000	0.000000	1678605471.925751	0.000000
0.000000	500.000000	173797.000000	0.000000	1678605471.942583	0.000000
0.000000	503.000000	173597.000000	0.000000	1678605471.959415	0.000000
0.000000	503.000000	173666.000000	0.000000	1678605471.975173	0.000000
0.000000	503.000000	173771.000000	0.000000	1678605471.990932	0.000000
0.000000	503.000000	173926.000000	0.000000	1678605472.006690	0.000000
0.000000	509.000000	174295.000000	0.000000	1678605472.022448	0.000000
0.000000	510.000000	174846.000000	0.000000	1678605472.038207	0.000000
0.000000	507.000000	175416.000000	0.000000	1678605472.053965	0.000000
0.000000	502.000000	176064.000000	0.000000	1678605472.068978	0.000000
0.000000	498.000000	176390.000000	0.000000	1678605472.083991	0.000000
0.000000	498.000000	176425.000000	0.000000	1678605472.099004	0.000000
0.000000	493.000000	176566.000000	0.000000	1678605472.114017	0.000000
0.000000	495.000000	176683.000000	0.000000	1678605472.129031	0.000000
0.000000	497.000000	176714.000000	0.000000	1678605472.144044	0.000000
0.000000	497.000000	176671.000000	0.000000	1678605472.161031	0.000000
0.000000	499.000000	176663.000000	0.000000	1678605472.178017	0.000000
0.000000	499.000000	176611.000000	0.000000	1678605472.195004	0.000000
0.000000	499.000000	176573.000000	0.000000	1678605472.211991	0.000000
0.000000	498.000000	176497.000000	0.000000	1678605472.228978	0.000000
0.000000	500.000000	176457.000000	0.000000	1678605472.245964	0.000000
0.000000	500.000000	176377.000000	0.000000	1678605472.260887	0.000000
0.000000	500.000000	176263.000000	0.000000	1678605472.275809	0.000000
0.000000	498.000000	176230.000000	0.000000	1678605472.290731	0.000000
0.000000	502.000000	176669.000000	0.000000	1678605472.305654	0.000000
0.000000	492.000000	177645.000000	0.000000	1678605472.320576	0.000000
0.000000	501.000000	176212.000000	0.000000	1678605472.335498	0.000000
0.000000	500.000000	173961.000000	0.000000	1678605472.350875	0.000000
0.000000	498.000000	171900.000000	0.000000	1678605472.366251	0.000000
0.000000	501.000000	170928.000000	0.000000	1678605472.381628	0.000000
0.000000	502.000000	170267.000000	0.000000	1678605472.397004	0.000000
0.000000	503.000000	169714.000000	0.000000	1678605472.412381	0.000000
0.000000	501.000000	168913.000000	0.000000	1678605472.427758	0.000000
0.000000	503.000000	167919.000000	0.000000	1678605472.442966	0.000000
0.000000	502.000000	167141.000000	0.000000	1678605472.458173	0.000000
0.000000	505.000000	166620.000000	0.000000	1678605472.473381	0.000000
0.000000	504.000000	166286.000000	0.000000	1678605472.488589	0.000000
0.000000	505.000000	166374.000000	0.000000	1678605472.503797	0.000000
0.000000	507.000000	166696.000000	0.000000	1678605472.519005	0.000000
0.000000	505.000000	167193.000000	0.000000	1678605472.535694	0.000000
0.000000	498.000000	167925.000000	0.000000	1678605472.552383	0.000000
0.000000	497.000000	168955.000000	0.000000	1678605472.569072	0.000000
0.000000	501.000000	169609.000000	0.000000	1678605472.585762	0.000000
0.000000	499.000000	170088.000000	0.000000	1678605472.602451	0.000000
0.000000	497.000000	170254.000000	0.000000	1678605472.619140	0.000000
0.000000	498.000000	170311.000000	0.000000	1678605472.634722	0.000000
0.000000	497.000000	170408.000000	0.000000	1678605472.650304	0.000000
0.000000	498.000000	170452.000000	0.000000	1678605472.665886	0.000000
0.000000	498.000000	170489.000000	0.000000	1678605472.681468	0.000000
0.000000	499.000000	170477.000000	0.000000	1678605472.697051	0.000000
0.000000	500.000000	170481.000000	0.000000	1678605472.712633	0.000000
0.000000	499.000000	170498.000000	0.000000	1678605472.727692	0.000000
0.000000	499.000000	170563.000000	0.000000	1678605472.742750	0.000000
0.000000	498.000000	170548.000000	0.000000	1678605472.757809	0.000000
0.000000	499.000000	170568.000000	0.000000	1678605472.772868	0.000000
0.000000	500.000000	170619.000000	0.000000	1678605472.787927	0.000000
0.000000	499.000000	170641.000000	0.000000	1678605472.802986	0.000000
0.000000	499.000000	170665.000000	0.000000	1678605472.817990	0.000000
0.000000	499.000000	170675.000000	0.000000	1678605472.832995	0.000000
0.000000	500.000000	170657.000000	0.000000	1678605472.847999	0.000000
0.000000	499.000000	170621.000000	0.000000	1678605472.863004	0.000000
0.000000	499.000000	170583.000000	0.000000	1678605472.878008	0.000000
0.000000	500.000000	170606.000000	0.000000	1678605472.893013	0.000000
0.000000	501.000000	170558.000000	0.000000	1678605472.908025	0.000000
0.000000	498.000000	170473.000000	0.000000	1678605472.923038	0.000000
0.000000	500.000000	170468.000000	0.000000	1678605472.938050	0.000000
0.000000	500.000000	170388.000000	0.000000	1678605472.953063	0.000000
0.000000	499.000000	170394.000000	0.000000	1678605472.968076	0.000000
0.000000	499.000000	170301.000000	0.000000	1678605472.983088	0.000000
0.000000	499.000000	170276.000000	0.000000	1678605473.000145	0.000000
0.000000	499.000000	170261.000000	0.000000	1678605473.017202	0.000000
0.000000	500.000000	170228.000000	0.000000	1678605473.034258	0.000000
0.000000	499.000000	170182.000000	0.000000	1678605473.051315	0.000000
0.000000	500.000000	170218.000000	0.000000	1678605473.068372	0.000000
0.000000	499.000000	170191.000000	0.000000	1678605473.085429	0.000000
0.000000	499.000000	170167.000000	0.000000	1678605473.100806	0.000000
0.000000	500.000000	170149.000000	0.000000	1678605473.116184	0.000000
0.000000	500.000000	170174.000000	0.000000	1678605473.131561	0.000000
0.000000	498.000000	170197.000000	0.000000	1678605473.146938	0.000000
0.000000	497.000000	170183.000000	0.000000	1678605473.162316	0.000000
0.000000	498.000000	170182.000000	0.000000	1678605473.177693	0.000000
0.000000	497.000000	170164.000000	0.000000	1678605473.195098	0.000000
0.000000	498.000000	170172.000000	0.000000	1678605473.212503	0.000000
0.000000	497.000000	170158.000000	0.000000	1678605473.229908	0.000000
0.000000	498.000000	170167.000000	0.000000	1678605473.247312	0.000000
0.000000	497.000000	170111.000000	0.000000	1678605473.264717	0.000000
0.000000	497.000000	170140.000000	0.000000	1678605473.282122	0.000000
0.000000	497.000000	170155.000000	0.000000	1678605473.294756	0.000000
0.000000	496.000000	170121.000000	0.000000	1678605473.307391	0.000000
0.000000	496.000000	170159.000000	0.000000	1678605473.320026	0.000000
0.000000	496.000000	170171.000000	0.000000	1678605473.332660	0.000000
0.000000	495.000000	170214.000000	0.000000	1678605473.345295	0.000000
0.000000	495.000000	170177.000000	0.000000	1678605473.357930	0.000000
0.000000	496.000000	170095.000000	0.000000	1678605473.377676	0.000000
0.000000	495.000000	170030.000000	0.000000	1678605473.397423	0.000000
0.000000	494.000000	169983.000000	0.000000	1678605473.417169	0.000000
0.000000	495.000000	169936.000000	0.000000	1678605473.436915	0.000000
0.000000	494.000000	169877.000000	0.000000	1678605473.456662	0.000000
0.000000	494.000000	169850.000000	0.000000	1678605473.476408	0.000000
0.000000	494.000000	169779.000000	0.000000	1678605473.491505	0.000000
0.000000	496.000000	169745.000000	0.000000	1678605473.506602	0.000000
0.000000	494.000000	169833.000000	0.000000	1678605473.521699	0.000000
0.000000	496.000000	169758.000000	0.000000	1678605473.536796	0.000000
0.000000	494.000000	169809.000000	0.000000	1678605473.551893	0.000000
0.000000	496.000000	169806.000000	0.000000	1678605473.566990	0.000000
0.000000	495.000000	169828.000000	0.000000	1678605473.579621	0.000000
0.000000	495.000000	169793.000000	0.000000	1678605473.592252	0.000000
0.000000	495.000000	169753.000000	0.000000	1678605473.604884	0.000000
0.000000	494.000000	169768.000000	0.000000	1678605473.617516	0.000000
0.000000	494.000000	169741.000000	0.000000	1678605473.630147	0.000000
0.000000	494.000000	169791.000000	0.000000	1678605473.642778	0.000000
0.000000	494.000000	169755.000000	0.000000	1678605473.657780	0.000000
0.000000	495.000000	169712.000000	0.000000	1678605473.672782	0.000000
0.000000	494.000000	169685.000000	0.000000	1678605473.687784	0.000000
0.000000	494.000000	169628.000000	0.000000	1678605473.702786	0.000000
0.000000	493.000000	169635.000000	0.000000	1678605473.717788	0.000000
0.000000	494.000000	169531.000000	0.000000	1678605473.732789	0.000000
0.000000	493.000000	169503.000000	0.000000	1678605473.750235	0.000000
0.000000	493.000000	169451.000000	0.000000	1678605473.767680	0.000000
0.000000	493.000000	169406.000000	0.000000	1678605473.785125	0.000000
0.000000	493.000000	169328.000000	0.000000	1678605473.802570	0.000000
0.000000	492.000000	169240.000000	0.000000	1678605473.820015	0.000000
0.000000	492.000000	169124.000000	0.000000	1678605473.837461	0.000000
0.000000	493.000000	169019.000000	0.000000	1678605473.852597	0.000000
0.000000	492.000000	168996.000000	0.000000	1678605473.867734	0.000000
0.000000	493.000000	168888.000000	0.000000	1678605473.882872	0.000000
0.000000	494.000000	168891.000000	0.000000	1678605473.898009	0.000000
0.000000	492.000000	168803.000000	0.000000	1678605473.913146	0.000000
0.000000	494.000000	168793.000000	0.000000	1678605473.928282	0.000000
0.000000	492.000000	168824.000000	0.000000	1678605473.945093	0.000000
0.000000	493.000000	168676.000000	0.000000	1678605473.961904	0.000000
0.000000	492.000000	168739.000000	0.000000	1678605473.978714	0.000000
0.000000	493.000000	168675.000000	0.000000	1678605473.995525	0.000000
0.000000	493.000000	168664.000000	0.000000	1678605474.012335	0.000000
0.000000	492.000000	168663.000000	0.000000	1678605474.029146	0.000000
0.000000	493.000000	168662.000000	0.000000	1678605474.042317	0.000000
0.000000	493.000000	168646.000000	0.000000	1678605474.055488	0.000000
0.000000	493.000000	168619.000000	0.000000	1678605474.068659	0.000000
0.000000	492.000000	168650.000000	0.000000	1678605474.081830	0.000000
0.000000	492.000000	168648.000000	0.000000	1678605474.095001	0.000000
0.000000	493.000000	168696.000000	0.000000	1678605474.108172	0.000000
0.000000	492.000000	168689.000000	0.000000	1678605474.125815	0.000000
0.000000	492.000000	168631.000000	0.000000	1678605474.143457	0.000000
0.000000	493.000000	168685.000000	0.000000	1678605474.161099	0.000000
0.000000	493.000000	168663.000000	0.000000	1678605474.178742	0.000000
0.000000	493.000000	168754.000000	0.000000	1678605474.196384	0.000000
0.000000	491.000000	168779.000000	0.000000	1678605474.214027	0.000000
0.000000	493.000000	168757.000000	0.000000	1678605474.229223	0.000000
0.000000	491.000000	168778.000000	0.000000	1678605474.244419	0.000000
0.000000	492.000000	168810.000000	0.000000	1678605474.259615	0.000000
0.000000	492.000000	168836.000000	0.000000	1678605474.274812	0.000000
0.000000	491.000000	168898.000000	0.000000	1678605474.290008	0.000000
0.000000	493.000000	168885.000000	0.000000	1678605474.305204	0.000000
0.000000	492.000000	168959.000000	0.000000	1678605474.319793	0.000000
0.000000	493.000000	169037.000000	0.000000	1678605474.334382	0.000000
0.000000	493.000000	169014.000000	0.000000	1678605474.348971	0.000000
0.000000	493.000000	169038.000000	0.000000	1678605474.363560	0.000000
0.000000	492.000000	169178.000000	0.000000	1678605474.378149	0.000000
0.000000	493.000000	169156.000000	0.000000	1678605474.392738	0.000000
0.000000	492.000000	169198.000000	0.000000	1678605474.409663	0.000000
0.000000	492.000000	169237.000000	0.000000	1678605474.426588	0.000000
0.000000	493.000000	169232.000000	0.000000	1678605474.443513	0.000000
0.000000	492.000000	169164.000000	0.000000	1678605474.460438	0.000000
0.000000	492.000000	169116.000000	0.000000	1678605474.477363	0.000000
0.000000	492.000000	169054.000000	0.000000	1678605474.494288	0.000000
0.000000	491.000000	169068.000000	0.000000	1678605474.510029	0.000000
0.000000	491.000000	168994.000000	0.000000	1678605474.525769	0.000000
0.000000	492.000000	168898.000000	0.000000	1678605474.541510	0.000000
0.000000	492.000000	168893.000000	0.000000	1678605474.557250	0.000000
0.000000	492.000000	168806.000000	0.000000	1678605474.572991	0.000000
0.000000	492.000000	168811.000000	0.000000	1678605474.588731	0.000000
0.000000	493.000000	168726.000000	0.000000	1678605474.603841	0.000000
0.000000	491.000000	168752.000000	0.000000	1678605474.618951	0.000000
0.000000	493.000000	168691.000000	0.000000	1678605474.634061	0.000000
0.000000	492.000000	168659.000000	0.000000	1678605474.649171	0.000000
0.000000	493.000000	168647.000000	0.000000	1678605474.664281	0.000000
0.000000	494.000000	168607.000000	0.000000	1678605474.679391	0.000000
0.000000	493.000000	168617.000000	0.000000	1678605474.694332	0.000000
0.000000	494.000000	168612.000000	0.000000	1678605474.709273	0.000000
0.000000	493.000000	168624.000000	0.000000	1678605474.724215	0.000000
0.000000	495.000000	168643.000000	0.000000	1678605474.739156	0.000000
0.000000	492.000000	168603.000000	0.000000	1678605474.754097	0.000000
0.000000	492.000000	168618.000000	0.000000	1678605474.769038	0.000000
0.000000	493.000000	168588.000000	0.000000	1678605474.783854	0.000000
0.000000	492.000000	168626.000000	0.000000	1678605474.798668	0.000000
0.000000	493.000000	168617.000000	0.000000	1678605474.813483	0.000000
0.000000	493.000000	168595.000000	0.000000	1678605474.828299	0.000000
0.000000	493.000000	168649.000000	0.000000	1678605474.843113	0.000000
0.000000	493.000000	168607.000000	0.000000	1678605474.857929	0.000000
0.000000	492.000000	168640.000000	0.000000	1678605474.875067	0.000000
0.000000	492.000000	168639.000000	0.000000	1678605474.892205	0.000000
0.000000	493.000000	168639.000000	0.000000	1678605474.909344	0.000000
0.000000	493.000000	168616.000000	0.000000	1678605474.926483	0.000000
0.000000	493.000000	168662.000000	0.000000	1678605474.943621	0.000000
0.000000	492.000000	168653.000000	0.000000	1678605474.960760	0.000000
0.000000	494.000000	168644.000000	0.000000	1678605474.976199	0.000000
0.000000	493.000000	168682.000000	0.000000	1678605474.991639	0.000000
0.000000	493.000000	168691.000000	0.000000	1678605475.007079	0.000000
0.000000	493.000000	168690.000000	0.000000	1678605475.022519	0.000000
0.000000	493.000000	168715.000000	0.000000	1678605475.037958	0.000000
0.000000	493.000000	168745.000000	0.000000	1678605475.053398	0.000000
0.000000	493.000000	168693.000000	0.000000	1678605475.070927	0.000000
0.000000	492.000000	168741.000000	0.000000	1678605475.088456	0.000000
0.000000	492.000000	168751.000000	0.000000	1678605475.105986	0.000000
0.000000	494.000000	168702.000000	0.000000	1678605475.123515	0.000000
0.000000	492.000000	168698.000000	0.000000	1678605475.141044	0.000000
0.000000	493.000000	168613.000000	0.000000	1678605475.158573	0.000000
0.000000	493.000000	168588.000000	0.000000	1678605475.171439	0.000000
0.000000	492.000000	168573.000000	0.000000	1678605475.184305	0.000000
0.000000	492.000000	168580.000000	0.000000	1678605475.197171	0.000000
0.000000	493.000000	168461.000000	0.000000	1678605475.210037	0.000000
0.000000	492.000000	168433.000000	0.000000	1678605475.222903	0.000000
0.000000	493.000000	168410.000000	0.000000	1678605475.235769	0.000000
0.000000	492.000000	168412.000000	0.000000	1678605475.252457	0.000000
0.000000	492.000000	168354.000000	0.000000	1678605475.269145	0.000000
0.000000	493.000000	168264.000000	0.000000	1678605475.285832	0.000000
0.000000	493.000000	168278.000000	0.000000	1678605475.302521	0.000000
0.000000	493.000000	168277.000000	0.000000	1678605475.319208	0.000000
0.000000	492.000000	168269.000000	0.000000	1678605475.335896	0.000000
0.000000	493.000000	168250.000000	0.000000	1678605475.350972	0.000000
0.000000	493.000000	168307.000000	0.000000	1678605475.366048	0.000000
0.000000	492.000000	168202.000000	0.000000	1678605475.381124	0.000000
0.000000	492.000000	168253.000000	0.000000	1678605475.396200	0.000000
0.000000	493.000000	168257.000000	0.000000	1678605475.411276	0.000000
0.000000	493.000000	168231.000000	0.000000	1678605475.426353	0.000000
0.000000	493.000000	168208.000000	0.000000	1678605475.443728	0.000000
0.000000	492.000000	168195.000000	0.000000	1678605475.461104	0.000000
0.000000	492.000000	168263.000000	0.000000	1678605475.478479	0.000000
0.000000	491.000000	168267.000000	0.000000	1678605475.495855	0.000000
0.000000	492.000000	168247.000000	0.000000	1678605475.513230	0.000000
0.000000	492.000000	168185.000000	0.000000	1678605475.530606	0.000000
0.000000	491.000000	168257.000000	0.000000	1678605475.547934	0.000000
0.000000	492.000000	168231.000000	0.000000	1678605475.565261	0.000000
0.000000	493.000000	168265.000000	0.000000	1678605475.582589	0.000000
0.000000	492.000000	168244.000000	0.000000	1678605475.599916	0.000000
0.000000	493.000000	168335.000000	0.000000	1678605475.617244	0.000000
0.000000	493.000000	168280.000000	0.000000	1678605475.634571	0.000000
0.000000	492.000000	168341.000000	0.000000	1678605475.647229	0.000000
0.000000	493.000000	168340.000000	0.000000	1678605475.659887	0.000000
0.000000	492.000000	168346.000000	0.000000	1678605475.672545	0.000000
0.000000	494.000000	168379.000000	0.000000	1678605475.685203	0.000000
0.000000	492.000000	168356.000000	0.000000	1678605475.697861	0.000000
0.000000	493.000000	168374.000000	0.000000	1678605475.710519	0.000000
0.000000	493.000000	168351.000000	0.000000	1678605475.726020	0.000000
0.000000	494.000000	168416.000000	0.000000	1678605475.741522	0.000000
0.000000	493.000000	168369.000000	0.000000	1678605475.757024	0.000000
0.000000	493.000000	168447.000000	0.000000	1678605475.772525	0.000000
0.000000	493.000000	168422.000000	0.000000	1678605475.788027	0.000000
0.000000	493.000000	168409.000000	0.000000	1678605475.803528	0.000000
0.000000	493.000000	168390.000000	0.000000	1678605475.818575	0.000000
0.000000	492.000000	168428.000000	0.000000	1678605475.833622	0.000000
0.000000	492.000000	168349.000000	0.000000	1678605475.848668	0.000000
0.000000	493.000000	168270.000000	0.000000	1678605475.863715	0.000000
0.000000	492.000000	168281.000000	0.000000	1678605475.878762	0.000000
0.000000	493.000000	168267.000000	0.000000	1678605475.893808	0.000000
0.000000	492.000000	168209.000000	0.000000	1678605475.908635	0.000000
0.000000	492.000000	168177.000000	0.000000	1678605475.923461	0.000000
0.000000	493.000000	168065.000000	0.000000	1678605475.938287	0.000000
0.000000	492.000000	167961.000000	0.000000	1678605475.953114	0.000000
0.000000	491.000000	168036.000000	0.000000	1678605475.967940	0.000000
0.000000	494.000000	167907.000000	0.000000	1678605475.982766	0.000000
0.000000	493.000000	167868.000000	0.000000	1678605476.000369	0.000000
0.000000	493.000000	167828.000000	0.000000	1678605476.017972	0.000000
0.000000	493.000000	167789.000000	0.000000	1678605476.035575	0.000000
0.000000	492.000000	167793.000000	0.000000	1678605476.053178	0.000000
0.000000	493.000000	167817.000000	0.000000	1678605476.070780	0.000000
0.000000	492.000000	167806.000000	0.000000	1678605476.088383	0.000000
0.000000	493.000000	167845.000000	0.000000	1678605476.103334	0.000000
0.000000	493.000000	167814.000000	0.000000	1678605476.118284	0.000000
0.000000	493.000000	167819.000000	0.000000	1678605476.133235	0.000000
0.000000	492.000000	167817.000000	0.000000	1678605476.148186	0.000000
0.000000	492.000000	167861.000000	0.000000	1678605476.163136	0.000000
0.000000	492.000000	167855.000000	0.000000	1678605476.178087	0.000000
0.000000	491.000000	167821.000000	0.000000	1678605476.195344	0.000000
0.000000	491.000000	167857.000000	0.000000	1678605476.212601	0.000000
0.000000	493.000000	167833.000000	0.000000	1678605476.229857	0.000000
0.000000	493.000000	167828.000000	0.000000	1678605476.247114	0.000000
0.000000	491.000000	167889.000000	0.000000	1678605476.264371	0.000000
0.000000	492.000000	167863.000000	0.000000	1678605476.281628	0.000000
0.000000	492.000000	167868.000000	0.000000	1678605476.294589	0.000000
0.000000	491.000000	167857.000000	0.000000	1678605476.307550	0.000000
0.000000	493.000000	167923.000000	0.000000	1678605476.320511	0.000000
0.000000	493.000000	167872.000000	0.000000	1678605476.333473	0.000000
0.000000	491.000000	167893.000000	0.000000	1678605476.346434	0.000000
0.000000	493.000000	167961.000000	0.000000	1678605476.359395	0.000000
0.000000	493.000000	167960.000000	0.000000	1678605476.376525	0.000000
0.000000	492.000000	167941.000000	0.000000	1678605476.393655	0.000000
0.000000	492.000000	167945.000000	0.000000	1678605476.410785	0.000000
0.000000	494.000000	167981.000000	0.000000	1678605476.427915	0.000000
0.000000	493.000000	167950.000000	0.000000	1678605476.445045	0.000000
0.000000	492.000000	167990.000000	0.000000	1678605476.462175	0.000000
0.000000	493.000000	167938.000000	0.000000	1678605476.479795	0.000000
0.000000	492.000000	167992.000000	0.000000	1678605476.497415	0.000000
0.000000	493.000000	167981.000000	0.000000	1678605476.515035	0.000000
0.000000	494.000000	168008.000000	0.000000	1678605476.532655	0.000000
0.000000	494.000000	167965.000000	0.000000	1678605476.550276	0.000000
0.000000	492.000000	167954.000000	0.000000	1678605476.567896	0.000000
0.000000	492.000000	167939.000000	0.000000	1678605476.582540	0.000000
0.000000	492.000000	167888.000000	0.000000	1678605476.597184	0.000000
0.000000	492.000000	167888.000000	0.000000	1678605476.611828	0.000000
0.000000	492.000000	167840.000000	0.000000	1678605476.626472	0.000000
0.000000	491.000000	167846.000000	0.000000	1678605476.641116	0.000000
0.000000	492.000000	167790.000000	0.000000	1678605476.655760	0.000000
0.000000	492.000000	167766.000000	0.000000	1678605476.668666	0.000000
0.000000	491.000000	167737.000000	0.000000	1678605476.681571	0.000000
0.000000	493.000000	167706.000000	0.000000	1678605476.694477	0.000000
0.000000	492.000000	167645.000000	0.000000	1678605476.707382	0.000000
0.000000	491.000000	167581.000000	0.000000	1678605476.720288	0.000000
0.000000	492.000000	167605.000000	0.000000	1678605476.733193	0.000000
0.000000	493.000000	167565.000000	0.000000	1678605476.755188	0.000000
0.000000	492.000000	167525.000000	0.000000	1678605476.777182	0.000000
0.000000	493.000000	167521.000000	0.000000	1678605476.799177	0.000000
0.000000	492.000000	167517.000000	0.000000	1678605476.821172	0.000000
0.000000	491.000000	167554.000000	0.000000	1678605476.843166	0.000000
0.000000	493.000000	167509.000000	0.000000	1678605476.865161	0.000000
0.000000	492.000000	167515.000000	0.000000	1678605476.880479	0.000000
0.000000	492.000000	167477.000000	0.000000	1678605476.895798	0.000000
0.000000	492.000000	167447.000000	0.000000	1678605476.911117	0.000000
0.000000	492.000000	167421.000000	0.000000	1678605476.926435	0.000000
0.000000	492.000000	167444.000000	0.000000	1678605476.941754	0.000000
0.000000	492.000000	167438.000000	0.000000	1678605476.957073	0.000000
0.000000	492.000000	167415.000000	0.000000	1678605476.967195	0.000000
0.000000	492.000000	167441.000000	0.000000	1678605476.977316	0.000000
0.000000	492.000000	167438.000000	0.000000	1678605476.987438	0.000000
0.000000	491.000000	167510.000000	0.000000	1678605476.997560	0.000000
0.000000	492.000000	167410.000000	0.000000	1678605477.007682	0.000000
0.000000	493.000000	167478.000000	0.000000	1678605477.017804	0.000000
0.000000	492.000000	167459.000000	0.000000	1678605477.032808	0.000000
0.000000	491.000000	167468.000000	0.000000	1678605477.047812	0.000000
0.000000	493.000000	167471.000000	0.000000	1678605477.062816	0.000000
0.000000	493.000000	167549.000000	0.000000	1678605477.077820	0.000000
0.000000	493.000000	167470.000000	0.000000	1678605477.092824	0.000000
0.000000	493.000000	167524.000000	0.000000	1678605477.107828	0.000000
0.000000	494.000000	167470.000000	0.000000	1678605477.125004	0.000000
0.000000	491.000000	167501.000000	0.000000	1678605477.142179	0.000000
0.000000	492.000000	167523.000000	0.000000	1678605477.159354	0.000000
0.000000	493.000000	167520.000000	0.000000	1678605477.176529	0.000000
0.000000	494.000000	167503.000000	0.000000	1678605477.193704	0.000000
0.000000	493.000000	167537.000000	0.000000	1678605477.210879	0.000000
0.000000	492.000000	167520.000000	0.000000	1678605477.228614	0.000000
0.000000	492.000000	167552.000000	0.000000	1678605477.246349	0.000000
0.000000	493.000000	167570.000000	0.000000	1678605477.264084	0.000000
0.000000	493.000000	167535.000000	0.000000	1678605477.281819	0.000000
0.000000	492.000000	167602.000000	0.000000	1678605477.299554	0.000000
0.000000	492.000000	167561.000000	0.000000	1678605477.317289	0.000000
0.000000	493.000000	167531.000000	0.000000	1678605477.330198	0.000000
0.000000	492.000000	167488.000000	0.000000	1678605477.343106	0.000000
0.000000	491.000000	167493.000000	0.000000	1678605477.356015	0.000000
0.000000	492.000000	167413.000000	0.000000	1678605477.368924	0.000000
0.000000	492.000000	167396.000000	0.000000	1678605477.381832	0.000000
0.000000	492.000000	167352.000000	0.000000	1678605477.394741	0.000000
0.000000	494.000000	167337.000000	0.000000	1678605477.409606	0.000000
0.000000	492.000000	167227.000000	0.000000	1678605477.424472	0.000000
0.000000	493.000000	167233.000000	0.000000	1678605477.439337	0.000000
0.000000	492.000000	167188.000000	0.000000	1678605477.454202	0.000000
0.000000	493.000000	167150.000000	0.000000	1678605477.469068	0.000000
0.000000	493.000000	167121.000000	0.000000	1678605477.483933	0.000000
0.000000	494.000000	167090.000000	0.000000	1678605477.506017	0.000000
0.000000	493.000000	167060.000000	0.000000	1678605477.528100	0.000000
0.000000	493.000000	167055.000000	0.000000	1678605477.550184	0.000000
0.000000	492.000000	167036.000000	0.000000	1678605477.572268	0.000000
0.000000	492.000000	167012.000000	0.000000	1678605477.594351	0.000000
0.000000	493.000000	167024.000000	0.000000	1678605477.616435	0.000000
0.000000	492.000000	166940.000000	0.000000	1678605477.626716	0.000000
0.000000	492.000000	166986.000000	0.000000	1678605477.636997	0.000000
0.000000	491.000000	166958.000000	0.000000	1678605477.647277	0.000000
0.000000	492.000000	166962.000000	0.000000	1678605477.657558	0.000000
0.000000	492.000000	166912.000000	0.000000	1678605477.667839	0.000000
0.000000	492.000000	166933.000000	0.000000	1678605477.678120	0.000000
0.000000	492.000000	166929.000000	0.000000	1678605477.693116	0.000000
0.000000	492.000000	166928.000000	0.000000	1678605477.708112	0.000000
0.000000	493.000000	166922.000000	0.000000	1678605477.723108	0.000000
0.000000	493.000000	166904.000000	0.000000	1678605477.738104	0.000000
0.000000	492.000000	166933.000000	0.000000	1678605477.753100	0.000000
0.000000	493.000000	166912.000000	0.000000	1678605477.768096	0.000000
0.000000	492.000000	166848.000000	0.000000	1678605477.783270	0.000000
0.000000	492.000000	166894.000000	0.000000	1678605477.798444	0.000000
0.000000	492.000000	166861.000000	0.000000	1678605477.813617	0.000000
0.000000	492.000000	166882.000000	0.000000	1678605477.828791	0.000000
0.000000	492.000000	166910.000000	0.000000	1678605477.843965	0.000000
0.000000	492.000000	166888.000000	0.000000	1678605477.859139	0.000000
0.000000	492.000000	166911.000000	0.000000	1678605477.880857	0.000000
0.000000	493.000000	166894.000000	0.000000	1678605477.902575	0.000000
0.000000	492.000000	166868.000000	0.000000	1678605477.924293	0.000000
0.000000	492.000000	166895.000000	0.000000	1678605477.946011	0.000000
0.000000	492.000000	166912.000000	0.000000	1678605477.967728	0.000000
0.000000	492.000000	166897.000000	0.000000	1678605477.989446	0.000000
0.000000	492.000000	166892.000000	0.000000	1678605477.999990	0.000000
0.000000	492.000000	166902.000000	0.000000	1678605478.010535	0.000000
0.000000	492.000000	166894.000000	0.000000	1678605478.021079	0.000000
0.000000	491.000000	166895.000000	0.000000	1678605478.031623	0.000000
0.000000	492.000000	166883.000000	0.000000	1678605478.042167	0.000000
0.000000	492.000000	166845.000000	0.000000	1678605478.052711	0.000000
0.000000	493.000000	166880.000000	0.000000	1678605478.067952	0.000000
0.000000	491.000000	166778.000000	0.000000	1678605478.083193	0.000000
0.000000	492.000000	166816.000000	0.000000	1678605478.098434	0.000000
0.000000	493.000000	166774.000000	0.000000	1678605478.113675	0.000000
0.000000	492.000000	166813.000000	0.000000	1678605478.128916	0.000000
0.000000	492.000000	166733.000000	0.000000	1678605478.144157	0.000000
0.000000	493.000000	166685.000000	0.000000	1678605478.158947	0.000000
0.000000	493.000000	166662.000000	0.000000	1678605478.173737	0.000000
0.000000	493.000000	166580.000000	0.000000	1678605478.188526	0.000000
0.000000	493.000000	166546.000000	0.000000	1678605478.203316	0.000000
0.000000	493.000000	166540.000000	0.000000	1678605478.218106	0.000000
0.000000	492.000000	166411.000000	0.000000	1678605478.232896	0.000000
0.000000	492.000000	166422.000000	0.000000	1678605478.252616	0.000000
0.000000	493.000000	166362.000000	0.000000	1678605478.272336	0.000000
0.000000	492.000000	166322.000000	0.000000	1678605478.292056	0.000000
0.000000	491.000000	166286.000000	0.000000	1678605478.311776	0.000000
0.000000	492.000000	166243.000000	0.000000	1678605478.331496	0.000000
0.000000	493.000000	166109.000000	0.000000	1678605478.351216	0.000000
0.000000	493.000000	166085.000000	0.000000	1678605478.366398	0.000000
0.000000	494.000000	166006.000000	0.000000	1678605478.381579	0.000000
0.000000	495.000000	165909.000000	0.000000	1678605478.396761	0.000000
0.000000	493.000000	165839.000000	0.000000	1678605478.411942	0.000000
0.000000	494.000000	165776.000000	0.000000	1678605478.427124	0.000000
0.000000	494.000000	165622.000000	0.000000	1678605478.442306	0.000000
0.000000	495.000000	165551.000000	0.000000	1678605478.455074	0.000000
0.000000	494.000000	165485.000000	0.000000	1678605478.467843	0.000000
0.000000	495.000000	165374.000000	0.000000	1678605478.480611	0.000000
0.000000	495.000000	165357.000000	0.000000	1678605478.493380	0.000000
0.000000	496.000000	165411.000000	0.000000	1678605478.506148	0.000000
0.000000	495.000000	165437.000000	0.000000	1678605478.518917	0.000000
0.000000	496.000000	165376.000000	0.000000	1678605478.535786	0.000000
0.000000	494.000000	165503.000000	0.000000	1678605478.552655	0.000000
0.000000	495.000000	165540.000000	0.000000	1678605478.569524	0.000000
0.000000	497.000000	165538.000000	0.000000	1678605478.586394	0.000000
0.000000	496.000000	165520.000000	0.000000	1678605478.603263	0.000000
0.000000	495.000000	165539.000000	0.000000	1678605478.620132	0.000000
0.000000	495.000000	165592.000000	0.000000	1678605478.635272	0.000000
0.000000	495.000000	165632.000000	0.000000	1678605478.650411	0.000000
0.000000	496.000000	165614.000000	0.000000	1678605478.665551	0.000000
0.000000	495.000000	165671.000000	0.000000	1678605478.680691	0.000000
0.000000	495.000000	165669.000000	0.000000	1678605478.695830	0.000000
0.000000	495.000000	165632.000000	0.000000	1678605478.710970	0.000000
0.000000	496.000000	165623.000000	0.000000	1678605478.726169	0.000000
0.000000	496.000000	165695.000000	0.000000	1678605478.741368	0.000000
0.000000	496.000000	165767.000000	0.000000	1678605478.756567	0.000000
0.000000	497.000000	165741.000000	0.000000	1678605478.771766	0.000000
0.000000	495.000000	165780.000000	0.000000	1678605478.786965	0.000000
0.000000	496.000000	165797.000000	0.000000	1678605478.802164	0.000000
0.000000	496.000000	165863.000000	0.000000	1678605478.817288	0.000000
0.000000	495.000000	165869.000000	0.000000	1678605478.832413	0.000000
0.000000	495.000000	165814.000000	0.000000	1678605478.847538	0.000000
0.000000	496.000000	165865.000000	0.000000	1678605478.862662	0.000000
0.000000	495.000000	165850.000000	0.000000	1678605478.877787	0.000000
0.000000	495.000000	165797.000000	0.000000	1678605478.892912	0.000000
0.000000	496.000000	165849.000000	0.000000	1678605478.910066	0.000000
0.000000	495.000000	165813.000000	0.000000	1678605478.927221	0.000000
0.000000	495.000000	165739.000000	0.000000	1678605478.944376	0.000000
0.000000	496.000000	165728.000000	0.000000	1678605478.961531	0.000000
0.000000	496.000000	165726.000000	0.000000	1678605478.978685	0.000000
0.000000	495.000000	165687.000000	0.000000	1678605478.995840	0.000000
0.000000	496.000000	165692.000000	0.000000	1678605479.010908	0.000000
0.000000	494.000000	165669.000000	0.000000	1678605479.025975	0.000000
0.000000	496.000000	165616.000000	0.000000	1678605479.041043	0.000000
0.000000	495.000000	165580.000000	0.000000	1678605479.056110	0.000000
0.000000	496.000000	165610.000000	0.000000	1678605479.071178	0.000000
0.000000	495.000000	165617.000000	0.000000	1678605479.086246	0.000000
0.000000	494.000000	165546.000000	0.000000	1678605479.101606	0.000000
0.000000	496.000000	165598.000000	0.000000	1678605479.116967	0.000000
0.000000	495.000000	165570.000000	0.000000	1678605479.132329	0.000000
0.000000	496.000000	165561.000000	0.000000	1678605479.147689	0.000000
0.000000	496.000000	165526.000000	0.000000	1678605479.163050	0.000000
0.000000	495.000000	165566.000000	0.000000	1678605479.178411	0.000000
0.000000	495.000000	165534.000000	0.000000	1678605479.193326	0.000000
0.000000	496.000000	165495.000000	0.000000	1678605479.208241	0.000000
0.000000	496.000000	165540.000000	0.000000	1678605479.223156	0.000000
0.000000	496.000000	165491.000000	0.000000	1678605479.238071	0.000000
0.000000	498.000000	165464.000000	0.000000	1678605479.252986	0.000000
0.000000	497.000000	165427.000000	0.000000	1678605479.267901	0.000000
0.000000	497.000000	165484.000000	0.000000	1678605479.282899	0.000000
0.000000	495.000000	165458.000000	0.000000	1678605479.297898	0.000000
0.000000	496.000000	165439.000000	0.000000	1678605479.312896	0.000000
0.000000	496.000000	165453.000000	0.000000	1678605479.327894	0.000000
0.000000	496.000000	165502.000000	0.000000	1678605479.342893	0.000000
0.000000	496.000000	165544.000000	0.000000	1678605479.357891	0.000000
0.000000	498.000000	165515.000000	0.000000	1678605479.375061	0.000000
0.000000	496.000000	165573.000000	0.000000	1678605479.392231	0.000000
0.000000	495.000000	165655.000000	0.000000	1678605479.409401	0.000000
0.000000	497.000000	165711.000000	0.000000	1678605479.426571	0.000000
0.000000	496.000000	165740.000000	0.000000	1678605479.443740	0.000000
0.000000	496.000000	165743.000000	0.000000	1678605479.460910	0.000000
0.000000	496.000000	165833.000000	0.000000	1678605479.476010	0.000000
0.000000	497.000000	165902.000000	0.000000	1678605479.491109	0.000000
0.000000	496.000000	165937.000000	0.000000	1678605479.506209	0.000000
0.000000	497.000000	165937.000000	0.000000	1678605479.521308	0.000000
0.000000	497.000000	165930.000000	0.000000	1678605479.536408	0.000000
0.000000	495.000000	165921.000000	0.000000	1678605479.551507	0.000000
0.000000	495.000000	165963.000000	0.000000	1678605479.566747	0.000000
0.000000	495.000000	165882.000000	0.000000	1678605479.581987	0.000000
0.000000	496.000000	165856.000000	0.000000	1678605479.597228	0.000000
0.000000	497.000000	165849.000000	0.000000	1678605479.612468	0.000000
0.000000	497.000000	165732.000000	0.000000	1678605479.627707	0.000000
0.000000	495.000000	165753.000000	0.000000	1678605479.642948	0.000000
0.000000	497.000000	165758.000000	0.000000	1678605479.658026	0.000000
0.000000	497.000000	165706.000000	0.000000	1678605479.673104	0.000000
0.000000	496.000000	165728.000000	0.000000	1678605479.688183	0.000000
0.000000	496.000000	165741.000000	0.000000	1678605479.703261	0.000000
0.000000	496.000000	165739.000000	0.000000	1678605479.718339	0.000000
0.000000	497.000000	165741.000000	0.000000	1678605479.733418	0.000000
0.000000	496.000000	165788.000000	0.000000	1678605479.750630	0.000000
0.000000	496.000000	165796.000000	0.000000	1678605479.767843	0.000000
0.000000	496.000000	165790.000000	0.000000	1678605479.785056	0.000000
0.000000	495.000000	165822.000000	0.000000	1678605479.802269	0.000000
0.000000	497.000000	165747.000000	0.000000	1678605479.819482	0.000000
0.000000	495.000000	165788.000000	0.000000	1678605479.836694	0.000000
0.000000	495.000000	165779.000000	0.000000	1678605479.854073	0.000000
0.000000	496.000000	165711.000000	0.000000	1678605479.871452	0.000000
0.000000	495.000000	165693.000000	0.000000	1678605479.888830	0.000000
0.000000	497.000000	165631.000000	0.000000	1678605479.906209	0.000000
0.000000	497.000000	165609.000000	0.000000	1678605479.923587	0.000000
0.000000	495.000000	165540.000000	0.000000	1678605479.940966	0.000000
0.000000	496.000000	165600.000000	0.000000	1678605479.956419	0.000000
0.000000	496.000000	165515.000000	0.000000	1678605479.971873	0.000000
0.000000	496.000000	165619.000000	0.000000	1678605479.987327	0.000000
0.000000	497.000000	165626.000000	0.000000	1678605480.002781	0.000000
0.000000	497.000000	165691.000000	0.000000	1678605480.018234	0.000000
0.000000	496.000000	165745.000000	0.000000	1678605480.033688	0.000000
0.000000	495.000000	165738.000000	0.000000	1678605480.046030	0.000000
0.000000	494.000000	165726.000000	0.000000	1678605480.058371	0.000000
0.000000	495.000000	165710.000000	0.000000	1678605480.070712	0.000000
0.000000	495.000000	165763.000000	0.000000	1678605480.083054	0.000000
0.000000	495.000000	165733.000000	0.000000	1678605480.095395	0.000000
0.000000	495.000000	165701.000000	0.000000	1678605480.107736	0.000000
0.000000	494.000000	165702.000000	0.000000	1678605480.124738	0.000000
0.000000	495.000000	165723.000000	0.000000	1678605480.141740	0.000000
0.000000	495.000000	165708.000000	0.000000	1678605480.158741	0.000000
0.000000	493.000000	165652.000000	0.000000	1678605480.175743	0.000000
0.000000	495.000000	165641.000000	0.000000	1678605480.192744	0.000000
0.000000	494.000000	165636.000000	0.000000	1678605480.209746	0.000000
0.000000	495.000000	165735.000000	0.000000	1678605480.229716	0.000000
0.000000	496.000000	165771.000000	0.000000	1678605480.249687	0.000000
0.000000	494.000000	165796.000000	0.000000	1678605480.269657	0.000000
0.000000	494.000000	165798.000000	0.000000	1678605480.289628	0.000000
0.000000	495.000000	165820.000000	0.000000	1678605480.309598	0.000000
0.000000	495.000000	165841.000000	0.000000	1678605480.329569	0.000000
0.000000	495.000000	165847.000000	0.000000	1678605480.340151	0.000000
0.000000	495.000000	165828.000000	0.000000	1678605480.350733	0.000000
0.000000	495.000000	165814.000000	0.000000	1678605480.361315	0.000000
0.000000	494.000000	165748.000000	0.000000	1678605480.371897	0.000000
0.000000	494.000000	165712.000000	0.000000	1678605480.382479	0.000000
0.000000	494.000000	165630.000000	0.000000	1678605480.393061	0.000000
0.000000	495.000000	165581.000000	0.000000	1678605480.408192	0.000000
0.000000	495.000000	165528.000000	0.000000	1678605480.423323	0.000000
0.000000	495.000000	165592.000000	0.000000	1678605480.438454	0.000000
0.000000	495.000000	165538.000000	0.000000	1678605480.453586	0.000000
0.000000	495.000000	165470.000000	0.000000	1678605480.468717	0.000000
0.000000	495.000000	165525.000000	0.000000	1678605480.483848	0.000000
0.000000	494.000000	165495.000000	0.000000	1678605480.500932	0.000000
0.000000	496.000000	165545.000000	0.000000	1678605480.518015	0.000000
0.000000	496.000000	165550.000000	0.000000	1678605480.535098	0.000000
0.000000	495.000000	165514.000000	0.000000	1678605480.552181	0.000000
0.000000	496.000000	165541.000000	0.000000	1678605480.569265	0.000000
0.000000	497.000000	165521.000000	0.000000	1678605480.586348	0.000000
0.000000	495.000000	165479.000000	0.000000	1678605480.606027	0.000000
0.000000	496.000000	165462.000000	0.000000	1678605480.625706	0.000000
0.000000	496.000000	165448.000000	0.000000	1678605480.645385	0.000000
0.000000	496.000000	165439.000000	0.000000	1678605480.665064	0.000000
0.000000	495.000000	165472.000000	0.000000	1678605480.684743	0.000000
0.000000	496.000000	165423.000000	0.000000	1678605480.704422	0.000000
0.000000	496.000000	165430.000000	0.000000	1678605480.720165	0.000000
0.000000	496.000000	165403.000000	0.000000	1678605480.735909	0.000000
0.000000	496.000000	165445.000000	0.000000	1678605480.751653	0.000000
0.000000	495.000000	165410.000000	0.000000	1678605480.767396	0.000000
0.000000	495.000000	165367.000000	0.000000	1678605480.783140	0.000000
0.000000	497.000000	165366.000000	0.000000	1678605480.798883	0.000000
0.000000	496.000000	165414.000000	0.000000	1678605480.808903	0.000000
0.000000	496.000000	165448.000000	0.000000	1678605480.818923	0.000000
0.000000	496.000000	165488.000000	0.000000	1678605480.828942	0.000000
0.000000	496.000000	165516.000000	0.000000	1678605480.838962	0.000000
0.000000	496.000000	165549.000000	0.000000	1678605480.848981	0.000000
0.000000	495.000000	165603.000000	0.000000	1678605480.859001	0.000000
0.000000	494.000000	165631.000000	0.000000	1678605480.878378	0.000000
0.000000	495.000000	165648.000000	0.000000	1678605480.897756	0.000000
0.000000	494.000000	165696.000000	0.000000	1678605480.917133	0.000000
0.000000	495.000000	165728.000000	0.000000	1678605480.936510	0.000000
0.000000	497.000000	165798.000000	0.000000	1678605480.955887	0.000000
0.000000	496.000000	165853.000000	0.000000	1678605480.975264	0.000000
0.000000	496.000000	165843.000000	0.000000	1678605480.988105	0.000000
0.000000	496.000000	165903.000000	0.000000	1678605481.000946	0.000000
0.000000	496.000000	165920.000000	0.000000	1678605481.013787	0.000000
0.000000	496.000000	165852.000000	0.000000	1678605481.026628	0.000000
0.000000	495.000000	165864.000000	0.000000	1678605481.039469	0.000000
0.000000	496.000000	165879.000000	0.000000	1678605481.052309	0.000000
0.000000	496.000000	165870.000000	0.000000	1678605481.070037	0.000000
0.000000	495.000000	165884.000000	0.000000	1678605481.087766	0.000000
0.000000	496.000000	165849.000000	0.000000	1678605481.105494	0.000000
0.000000	497.000000	165879.000000	0.000000	1678605481.123222	0.000000
0.000000	495.000000	165884.000000	0.000000	1678605481.140950	0.000000
0.000000	496.000000	165844.000000	0.000000	1678605481.158678	0.000000
0.000000	496.000000	165908.000000	0.000000	1678605481.171348	0.000000
0.000000	495.000000	165921.000000	0.000000	1678605481.184017	0.000000
0.000000	496.000000	165860.000000	0.000000	1678605481.196687	0.000000
0.000000	496.000000	165916.000000	0.000000	1678605481.209357	0.000000
0.000000	496.000000	165806.000000	0.000000	1678605481.222026	0.000000
0.000000	494.000000	165802.000000	0.000000	1678605481.234696	0.000000
0.000000	496.000000	165767.000000	0.000000	1678605481.251684	0.000000
0.000000	496.000000	165785.000000	0.000000	1678605481.268672	0.000000
0.000000	495.000000	165756.000000	0.000000	1678605481.285660	0.000000
0.000000	496.000000	165746.000000	0.000000	1678605481.302649	0.000000
0.000000	496.000000	165768.000000	0.000000	1678605481.319637	0.000000
0.000000	494.000000	165772.000000	0.000000	1678605481.336625	0.000000
0.000000	495.000000	165784.000000	0.000000	1678605481.351882	0.000000
0.000000	495.000000	165761.000000	0.000000	1678605481.367139	0.000000
0.000000	495.000000	165734.000000	0.000000	1678605481.382396	0.000000
0.000000	496.000000	165746.000000	0.000000	1678605481.397653	0.000000
0.000000	495.000000	165831.000000	0.000000	1678605481.412910	0.000000
0.000000	495.000000	165813.000000	0.000000	1678605481.428167	0.000000
0.000000	495.000000	165865.000000	0.000000	1678605481.443306	0.000000
0.000000	495.000000	165845.000000	0.000000	1678605481.458446	0.000000
0.000000	495.000000	165863.000000	0.000000	1678605481.473586	0.000000
0.000000	495.000000	165836.000000	0.000000	1678605481.488726	0.000000
0.000000	496.000000	165827.000000	0.000000	1678605481.503865	0.000000
0.000000	496.000000	165882.000000	0.000000	1678605481.519005	0.000000
0.000000	494.000000	165817.000000	0.000000	1678605481.534075	0.000000
0.000000	496.000000	165756.000000	0.000000	1678605481.549144	0.000000
0.000000	495.000000	165791.000000	0.000000	1678605481.564214	0.000000
0.000000	494.000000	165789.000000	0.000000	1678605481.579283	0.000000
0.000000	497.000000	165807.000000	0.000000	1678605481.594353	0.000000
0.000000	496.000000	165787.000000	0.000000	1678605481.609422	0.000000
0.000000	496.000000	165779.000000	0.000000	1678605481.626455	0.000000
0.000000	497.000000	165924.000000	0.000000	1678605481.643488	0.000000
0.000000	497.000000	165903.000000	0.000000	1678605481.660520	0.000000
0.000000	497.000000	165983.000000	0.000000	1678605481.677553	0.000000
0.000000	496.000000	165970.000000	0.000000	1678605481.694585	0.000000
0.000000	496.000000	165945.000000	0.000000	1678605481.711618	0.000000
0.000000	497.000000	165936.000000	0.000000	1678605481.728754	0.000000
0.000000	498.000000	165917.000000	0.000000	1678605481.745890	0.000000
0.000000	498.000000	165909.000000	0.000000	1678605481.763026	0.000000
0.000000	497.000000	165897.000000	0.000000	1678605481.780162	0.000000
0.000000	496.000000	165873.000000	0.000000	1678605481.797297	0.000000
0.000000	496.000000	165833.000000	0.000000	1678605481.814433	0.000000
0.000000	496.000000	165869.000000	0.000000	1678605481.829695	0.000000
0.000000	496.000000	165823.000000	0.000000	1678605481.844958	0.000000
0.000000	496.000000	165846.000000	0.000000	1678605481.860219	0.000000
0.000000	497.000000	165890.000000	0.000000	1678605481.875482	0.000000
0.000000	496.000000	165807.000000	0.000000	1678605481.890744	0.000000
0.000000	495.000000	165900.000000	0.000000	1678605481.906006	0.000000
0.000000	494.000000	165945.000000	0.000000	1678605481.918823	0.000000
0.000000	495.000000	165906.000000	0.000000	1678605481.931640	0.000000
0.000000	494.000000	165895.000000	0.000000	1678605481.944458	0.000000
0.000000	494.000000	165884.000000	0.000000	1678605481.957275	0.000000
0.000000	494.000000	165933.000000	0.000000	1678605481.970092	0.000000
0.000000	493.000000	165909.000000	0.000000	1678605481.982910	0.000000
0.000000	493.000000	165871.000000	0.000000	1678605482.000439	0.000000
0.000000	491.000000	165934.000000	0.000000	1678605482.017968	0.000000
0.000000	492.000000	165921.000000	0.000000	1678605482.035498	0.000000
0.000000	492.000000	165926.000000	0.000000	1678605482.053027	0.000000
0.000000	493.000000	166061.000000	0.000000	1678605482.070557	0.000000
0.000000	493.000000	166164.000000	0.000000	1678605482.088086	0.000000
0.000000	490.000000	166198.000000	0.000000	1678605482.102954	0.000000
0.000000	491.000000	166338.000000	0.000000	1678605482.117822	0.000000
0.000000	492.000000	166339.000000	0.000000	1678605482.132691	0.000000
0.000000	492.000000	166400.000000	0.000000	1678605482.147559	0.000000
0.000000	491.000000	166366.000000	0.000000	1678605482.162427	0.000000
0.000000	492.000000	166399.000000	0.000000	1678605482.177296	0.000000
0.000000	492.000000	166439.000000	0.000000	1678605482.197402	0.000000
0.000000	492.000000	166490.000000	0.000000	1678605482.217508	0.000000
0.000000	493.000000	166570.000000	0.000000	1678605482.237615	0.000000
0.000000	491.000000	166636.000000	0.000000	1678605482.257721	0.000000
0.000000	493.000000	166642.000000	0.000000	1678605482.277827	0.000000
0.000000	492.000000	166635.000000	0.000000	1678605482.297934	0.000000
0.000000	492.000000	166680.000000	0.000000	1678605482.309839	0.000000
0.000000	492.000000	166731.000000	0.000000	1678605482.321743	0.000000
0.000000	493.000000	166728.000000	0.000000	1678605482.333648	0.000000
0.000000	492.000000	166795.000000	0.000000	1678605482.345553	0.000000
0.000000	493.000000	166779.000000	0.000000	1678605482.357458	0.000000
0.000000	493.000000	166814.000000	0.000000	1678605482.369363	0.000000
0.000000	494.000000	166838.000000	0.000000	1678605482.384877	0.000000
0.000000	492.000000	166850.000000	0.000000	1678605482.400391	0.000000
0.000000	492.000000	166873.000000	0.000000	1678605482.415905	0.000000
0.000000	492.000000	166830.000000	0.000000	1678605482.431418	0.000000
0.000000	492.000000	166861.000000	0.000000	1678605482.446932	0.000000
0.000000	493.000000	166840.000000	0.000000	1678605482.462446	0.000000
0.000000	492.000000	166828.000000	0.000000	1678605482.477452	0.000000
0.000000	492.000000	166881.000000	0.000000	1678605482.492457	0.000000
0.000000	493.000000	166810.000000	0.000000	1678605482.507462	0.000000
0.000000	493.000000	166856.000000	0.000000	1678605482.522467	0.000000
0.000000	493.000000	166825.000000	0.000000	1678605482.537473	0.000000
0.000000	492.000000	166828.000000	0.000000	1678605482.552478	0.000000
0.000000	492.000000	166829.000000	0.000000	1678605482.567631	0.000000
0.000000	492.000000	166795.000000	0.000000	1678605482.582783	0.000000
0.000000	492.000000	166856.000000	0.000000	1678605482.597936	0.000000
0.000000	491.000000	166792.000000	0.000000	1678605482.613089	0.000000
0.000000	493.000000	166827.000000	0.000000	1678605482.628242	0.000000
0.000000	491.000000	166891.000000	0.000000	1678605482.643394	0.000000
0.000000	493.000000	166893.000000	0.000000	1678605482.660428	0.000000
0.000000	492.000000	166866.000000	0.000000	1678605482.677461	0.000000
0.000000	493.000000	166858.000000	0.000000	1678605482.694494	0.000000
0.000000	492.000000	166913.000000	0.000000	1678605482.711527	0.000000
0.000000	492.000000	166880.000000	0.000000	1678605482.728560	0.000000
0.000000	492.000000	166872.000000	0.000000	1678605482.745593	0.000000
0.000000	494.000000	166878.000000	0.000000	1678605482.760637	0.000000
0.000000	493.000000	166912.000000	0.000000	1678605482.775681	0.000000
0.000000	492.000000	166893.000000	0.000000	1678605482.790725	0.000000
0.000000	492.000000	166956.000000	0.000000	1678605482.805769	0.000000
0.000000	492.000000	166956.000000	0.000000	1678605482.820813	0.000000
0.000000	492.000000	166991.000000	0.000000	1678605482.835857	0.000000
0.000000	492.000000	166967.000000	0.000000	1678605482.851412	0.000000
0.000000	491.000000	166954.000000	0.000000	1678605482.866968	0.000000
0.000000	492.000000	166949.000000	0.000000	1678605482.882523	0.000000
0.000000	493.000000	166919.000000	0.000000	1678605482.898079	0.000000
0.000000	493.000000	166980.000000	0.000000	1678605482.913634	0.000000
0.000000	493.000000	166953.000000	0.000000	1678605482.929190	0.000000
0.000000	491.000000	166955.000000	0.000000	1678605482.944089	0.000000
0.000000	492.000000	166982.000000	0.000000	1678605482.958987	0.000000
0.000000	493.000000	166908.000000	0.000000	1678605482.973886	0.000000
0.000000	492.000000	166929.000000	0.000000	1678605482.988785	0.000000
0.000000	494.000000	166920.000000	0.000000	1678605483.003684	0.000000
0.000000	493.000000	166943.000000	0.000000	1678605483.018583	0.000000
0.000000	494.000000	166932.000000	0.000000	1678605483.033481	0.000000
0.000000	493.000000	166911.000000	0.000000	1678605483.048380	0.000000
0.000000	492.000000	166949.000000	0.000000	1678605483.063278	0.000000
0.000000	491.000000	166969.000000	0.000000	1678605483.078177	0.000000
0.000000	493.000000	166971.000000	0.000000	1678605483.093075	0.000000
0.000000	493.000000	167007.000000	0.000000	1678605483.107974	0.000000
0.000000	493.000000	166915.000000	0.000000	1678605483.125182	0.000000
0.000000	492.000000	166985.000000	0.000000	1678605483.142390	0.000000
0.000000	493.000000	166981.000000	0.000000	1678605483.159599	0.000000
0.000000	492.000000	166907.000000	0.000000	1678605483.176807	0.000000
0.000000	493.000000	166905.000000	0.000000	1678605483.194016	0.000000
0.000000	492.000000	166849.000000	0.000000	1678605483.211224	0.000000
0.000000	492.000000	166793.000000	0.000000	1678605483.229154	0.000000
0.000000	493.000000	166749.000000	0.000000	1678605483.247083	0.000000
0.000000	492.000000	166723.000000	0.000000	1678605483.265013	0.000000
0.000000	492.000000	166712.000000	0.000000	1678605483.282942	0.000000
0.000000	491.000000	166770.000000	0.000000	1678605483.300871	0.000000
0.000000	493.000000	166664.000000	0.000000	1678605483.318801	0.000000
0.000000	491.000000	166667.000000	0.000000	1678605483.331533	0.000000
0.000000	493.000000	166669.000000	0.000000	1678605483.344266	0.000000
0.000000	493.000000	166561.000000	0.000000	1678605483.356998	0.000000
0.000000	492.000000	166694.000000	0.000000	1678605483.369731	0.000000
0.000000	495.000000	166666.000000	0.000000	1678605483.382463	0.000000
0.000000	493.000000	166599.000000	0.000000	1678605483.395196	0.000000
0.000000	493.000000	166515.000000	0.000000	1678605483.410074	0.000000
0.000000	492.000000	166578.000000	0.000000	1678605483.424952	0.000000
0.000000	493.000000	166552.000000	0.000000	1678605483.439829	0.000000
0.000000	495.000000	166584.000000	0.000000	1678605483.454707	0.000000
0.000000	493.000000	166534.000000	0.000000	1678605483.469585	0.000000
0.000000	493.000000	166521.000000	0.000000	1678605483.484463	0.000000
0.000000	492.000000	166499.000000	0.000000	1678605483.503848	0.000000
0.000000	492.000000	166512.000000	0.000000	1678605483.523232	0.000000
0.000000	493.000000	166514.000000	0.000000	1678605483.542617	0.000000
0.000000	492.000000	166466.000000	0.000000	1678605483.562002	0.000000
0.000000	492.000000	166471.000000	0.000000	1678605483.581387	0.000000
0.000000	492.000000	166489.000000	0.000000	1678605483.600772	0.000000
0.000000	492.000000	166511.000000	0.000000	1678605483.615563	0.000000
0.000000	493.000000	166517.000000	0.000000	1678605483.630354	0.000000
0.000000	494.000000	166468.000000	0.000000	1678605483.645145	0.000000
0.000000	493.000000	166521.000000	0.000000	1678605483.659936	0.000000
0.000000	494.000000	166549.000000	0.000000	1678605483.674726	0.000000
0.000000	493.000000	166529.000000	0.000000	1678605483.689517	0.000000
0.000000	492.000000	166521.000000	0.000000	1678605483.707208	0.000000
0.000000	494.000000	166486.000000	0.000000	1678605483.724899	0.000000
0.000000	493.000000	166542.000000	0.000000	1678605483.742590	0.000000
0.000000	493.000000	166553.000000	0.000000	1678605483.760281	0.000000
0.000000	495.000000	166527.000000	0.000000	1678605483.777972	0.000000
0.000000	493.000000	166569.000000	0.000000	1678605483.795662	0.000000
0.000000	494.000000	166530.000000	0.000000	1678605483.806296	0.000000
0.000000	493.000000	166556.000000	0.000000	1678605483.816931	0.000000
0.000000	494.000000	166479.000000	0.000000	1678605483.827565	0.000000
0.000000	494.000000	166500.000000	0.000000	1678605483.838199	0.000000
0.000000	493.000000	166475.000000	0.000000	1678605483.848833	0.000000
0.000000	493.000000	166403.000000	0.000000	1678605483.859467	0.000000
0.000000	493.000000	166446.000000	0.000000	1678605483.876402	0.000000
0.000000	492.000000	166384.000000	0.000000	1678605483.893337	0.000000
0.000000	490.000000	166339.000000	0.000000	1678605483.910273	0.000000
0.000000	493.000000	166301.000000	0.000000	1678605483.927208	0.000000
0.000000	492.000000	166263.000000	0.000000	1678605483.944143	0.000000
0.000000	493.000000	166226.000000	0.000000	1678605483.961078	0.000000
0.000000	492.000000	166185.000000	0.000000	1678605483.971284	0.000000
0.000000	491.000000	166169.000000	0.000000	1678605483.981489	0.000000
0.000000	492.000000	166141.000000	0.000000	1678605483.991695	0.000000
0.000000	491.000000	166125.000000	0.000000	1678605484.001900	0.000000
0.000000	492.000000	166066.000000	0.000000	1678605484.012106	0.000000
0.000000	493.000000	166133.000000	0.000000	1678605484.022311	0.000000
0.000000	491.000000	166092.000000	0.000000	1678605484.034948	0.000000
0.000000	493.000000	166061.000000	0.000000	1678605484.047585	0.000000
0.000000	493.000000	166049.000000	0.000000	1678605484.060221	0.000000
0.000000	492.000000	166057.000000	0.000000	1678605484.072858	0.000000
0.000000	493.000000	165990.000000	0.000000	1678605484.085495	0.000000
0.000000	492.000000	165976.000000	0.000000	1678605484.098131	0.000000
0.000000	493.000000	165980.000000	0.000000	1678605484.113184	0.000000
0.000000	493.000000	165977.000000	0.000000	1678605484.128237	0.000000
0.000000	493.000000	165984.000000	0.000000	1678605484.143290	0.000000
0.000000	492.000000	165948.000000	0.000000	1678605484.158343	0.000000
0.000000	491.000000	165954.000000	0.000000	1678605484.173395	0.000000
0.000000	492.000000	165939.000000	0.000000	1678605484.188448	0.000000
0.000000	492.000000	165932.000000	0.000000	1678605484.210512	0.000000
0.000000	491.000000	165973.000000	0.000000	1678605484.232576	0.000000
0.000000	492.000000	165910.000000	0.000000	1678605484.254640	0.000000
0.000000	493.000000	165764.000000	0.000000	1678605484.276704	0.000000
0.000000	494.000000	165760.000000	0.000000	1678605484.298768	0.000000
0.000000	494.000000	165725.000000	0.000000	1678605484.320831	0.000000
0.000000	493.000000	165609.000000	0.000000	1678605484.331354	0.000000
0.000000	493.000000	165489.000000	0.000000	1678605484.341877	0.000000
0.000000	496.000000	165463.000000	0.000000	1678605484.352400	0.000000
0.000000	494.000000	165352.000000	0.000000	1678605484.362922	0.000000
0.000000	496.000000	165249.000000	0.000000	1678605484.373445	0.000000
0.000000	496.000000	165300.000000	0.000000	1678605484.383968	0.000000
0.000000	496.000000	165284.000000	0.000000	1678605484.398812	0.000000
0.000000	497.000000	165251.000000	0.000000	1678605484.413656	0.000000
0.000000	495.000000	165275.000000	0.000000	1678605484.428501	0.000000
0.000000	498.000000	165220.000000	0.000000	1678605484.443345	0.000000
0.000000	498.000000	165308.000000	0.000000	1678605484.458189	0.000000
0.000000	497.000000	165233.000000	0.000000	1678605484.473033	0.000000
0.000000	498.000000	165268.000000	0.000000	1678605484.495494	0.000000
0.000000	497.000000	165269.000000	0.000000	1678605484.517955	0.000000
0.000000	498.000000	165307.000000	0.000000	1678605484.540416	0.000000
0.000000	497.000000	165315.000000	0.000000	1678605484.562877	0.000000
0.000000	497.000000	165296.000000	0.000000	1678605484.585337	0.000000
0.000000	496.000000	165358.000000	0.000000	1678605484.607798	0.000000
0.000000	496.000000	165363.000000	0.000000	1678605484.617954	0.000000
0.000000	497.000000	165309.000000	0.000000	1678605484.628110	0.000000
0.000000	497.000000	165266.000000	0.000000	1678605484.638265	0.000000
0.000000	494.000000	165199.000000	0.000000	1678605484.648421	0.000000
0.000000	496.000000	165192.000000	0.000000	1678605484.658577	0.000000
0.000000	496.000000	165117.000000	0.000000	1678605484.668732	0.000000
0.000000	495.000000	165120.000000	0.000000	1678605484.683596	0.000000
0.000000	496.000000	165135.000000	0.000000	1678605484.698459	0.000000
0.000000	497.000000	165089.000000	0.000000	1678605484.713322	0.000000
0.000000	496.000000	165115.000000	0.000000	1678605484.728185	0.000000
0.000000	498.000000	165092.000000	0.000000	1678605484.743048	0.000000
0.000000	497.000000	165149.000000	0.000000	1678605484.757911	0.000000
0.000000	496.000000	165096.000000	0.000000	1678605484.773151	0.000000
0.000000	497.000000	165124.000000	0.000000	1678605484.788391	0.000000
0.000000	496.000000	165110.000000	0.000000	1678605484.803631	0.000000
0.000000	497.000000	165089.000000	0.000000	1678605484.818871	0.000000
0.000000	495.000000	165040.000000	0.000000	1678605484.834111	0.000000
0.000000	496.000000	165060.000000	0.000000	1678605484.849351	0.000000
0.000000	496.000000	164989.000000	0.000000	1678605484.866569	0.000000
0.000000	496.000000	165069.000000	0.000000	1678605484.883786	0.000000
0.000000	495.000000	165059.000000	0.000000	1678605484.901003	0.000000
0.000000	495.000000	165065.000000	0.000000	1678605484.918221	0.000000
0.000000	495.000000	165044.000000	0.000000	1678605484.935438	0.000000
0.000000	495.000000	165016.000000	0.000000	1678605484.952656	0.000000
0.000000	496.000000	165045.000000	0.000000	1678605484.967470	0.000000
0.000000	495.000000	165074.000000	0.000000	1678605484.982284	0.000000
0.000000	496.000000	165098.000000	0.000000	1678605484.997098	0.000000
0.000000	495.000000	165018.000000	0.000000	1678605485.011912	0.000000
0.000000	497.000000	165052.000000	0.000000	1678605485.026727	0.000000
0.000000	496.000000	165048.000000	0.000000	1678605485.041541	0.000000
0.000000	495.000000	165002.000000	0.000000	1678605485.056881	0.000000
0.000000	497.000000	165054.000000	0.000000	1678605485.072221	0.000000
0.000000	497.000000	165040.000000	0.000000	1678605485.087561	0.000000
0.000000	496.000000	165044.000000	0.000000	1678605485.102901	0.000000
0.000000	496.000000	165048.000000	0.000000	1678605485.118241	0.000000
0.000000	495.000000	165033.000000	0.000000	1678605485.133581	0.000000
0.000000	496.000000	165029.000000	0.000000	1678605485.148600	0.000000
0.000000	495.000000	164986.000000	0.000000	1678605485.163619	0.000000
0.000000	496.000000	165050.000000	0.000000	1678605485.178638	0.000000
0.000000	495.000000	165009.000000	0.000000	1678605485.193657	0.000000
0.000000	494.000000	165036.000000	0.000000	1678605485.208676	0.000000
0.000000	496.000000	165016.000000	0.000000	1678605485.223696	0.000000
0.000000	496.000000	165052.000000	0.000000	1678605485.238627	0.000000
0.000000	495.000000	165084.000000	0.000000	1678605485.253559	0.000000
0.000000	493.000000	165118.000000	0.000000	1678605485.268491	0.000000
0.000000	494.000000	165064.000000	0.000000	1678605485.283422	0.000000
0.000000	494.000000	165089.000000	0.000000	1678605485.298354	0.000000
0.000000	495.000000	165134.000000	0.000000	1678605485.313286	0.000000
0.000000	494.000000	165138.000000	0.000000	1678605485.330365	0.000000
0.000000	494.000000	165203.000000	0.000000	1678605485.347444	0.000000
0.000000	496.000000	165154.000000	0.000000	1678605485.364523	0.000000
0.000000	494.000000	165202.000000	0.000000	1678605485.381602	0.000000
0.000000	495.000000	165192.000000	0.000000	1678605485.398681	0.000000
0.000000	496.000000	165155.000000	0.000000	1678605485.415761	0.000000
0.000000	496.000000	165158.000000	0.000000	1678605485.431097	0.000000
0.000000	495.000000	165159.000000	0.000000	1678605485.446434	0.000000
0.000000	496.000000	165149.000000	0.000000	1678605485.461771	0.000000
0.000000	495.000000	165158.000000	0.000000	1678605485.477107	0.000000
0.000000	496.000000	165172.000000	0.000000	1678605485.492444	0.000000
0.000000	497.000000	165171.000000	0.000000	1678605485.507780	0.000000
0.000000	497.000000	165164.000000	0.000000	1678605485.529957	0.000000
0.000000	496.000000	165161.000000	0.000000	1678605485.552134	0.000000
0.000000	496.000000	165183.000000	0.000000	1678605485.574311	0.000000
0.000000	495.000000	165169.000000	0.000000	1678605485.596488	0.000000
0.000000	494.000000	165162.000000	0.000000	1678605485.618665	0.000000
0.000000	495.000000	165163.000000	0.000000	1678605485.640842	0.000000
0.000000	497.000000	165203.000000	0.000000	1678605485.650621	0.000000
0.000000	496.000000	165234.000000	0.000000	1678605485.660401	0.000000
0.000000	496.000000	165200.000000	0.000000	1678605485.670180	0.000000
0.000000	494.000000	165224.000000	0.000000	1678605485.679960	0.000000
0.000000	495.000000	165267.000000	0.000000	1678605485.689739	0.000000
0.000000	496.000000	165277.000000	0.000000	1678605485.699519	0.000000
0.000000	493.000000	165307.000000	0.000000	1678605485.714692	0.000000
0.000000	495.000000	165300.000000	0.000000	1678605485.729866	0.000000
0.000000	496.000000	165351.000000	0.000000	1678605485.745039	0.000000
0.000000	494.000000	165355.000000	0.000000	1678605485.760212	0.000000
0.000000	495.000000	165392.000000	0.000000	1678605485.775386	0.000000
0.000000	496.000000	165408.000000	0.000000	1678605485.790559	0.000000
0.000000	496.000000	165453.000000	0.000000	1678605485.805854	0.000000
0.000000	497.000000	165450.000000	0.000000	1678605485.821149	0.000000
0.000000	495.000000	165486.000000	0.000000	1678605485.836444	0.000000
0.000000	496.000000	165484.000000	0.000000	1678605485.851739	0.000000
0.000000	497.000000	165512.000000	0.000000	1678605485.867034	0.000000
0.000000	496.000000	165531.000000	0.000000	1678605485.882329	0.000000
0.000000	496.000000	165611.000000	0.000000	1678605485.897716	0.000000
0.000000	497.000000	165598.000000	0.000000	1678605485.913102	0.000000
0.000000	495.000000	165652.000000	0.000000	1678605485.928488	0.000000
0.000000	495.000000	165691.000000	0.000000	1678605485.943874	0.000000
0.000000	497.000000	165670.000000	0.000000	1678605485.959260	0.000000
0.000000	493.000000	165723.000000	0.000000	1678605485.974646	0.000000
0.000000	496.000000	165721.000000	0.000000	1678605485.991899	0.000000
0.000000	495.000000	165691.000000	0.000000	1678605486.009151	0.000000
0.000000	497.000000	165687.000000	0.000000	1678605486.026404	0.000000
0.000000	495.000000	165701.000000	0.000000	1678605486.043656	0.000000
0.000000	496.000000	165684.000000	0.000000	1678605486.060909	0.000000
0.000000	497.000000	165694.000000	0.000000	1678605486.078161	0.000000
0.000000	496.000000	165725.000000	0.000000	1678605486.095326	0.000000
0.000000	495.000000	165726.000000	0.000000	1678605486.112490	0.000000
0.000000	496.000000	165792.000000	0.000000	1678605486.129654	0.000000
0.000000	496.000000	165832.000000	0.000000	1678605486.146818	0.000000
0.000000	497.000000	165796.000000	0.000000	1678605486.163982	0.000000
0.000000	495.000000	165827.000000	0.000000	1678605486.181147	0.000000
0.000000	496.000000	165847.000000	0.000000	1678605486.194082	0.000000
0.000000	495.000000	165826.000000	0.000000	1678605486.207017	0.000000
0.000000	495.000000	165858.000000	0.000000	1678605486.219952	0.000000
0.000000	496.000000	165825.000000	0.000000	1678605486.232887	0.000000
0.000000	496.000000	165784.000000	0.000000	1678605486.245822	0.000000
0.000000	495.000000	165796.000000	0.000000	1678605486.258758	0.000000
0.000000	497.000000	165766.000000	0.000000	1678605486.273673	0.000000
0.000000	497.000000	165712.000000	0.000000	1678605486.288588	0.000000
0.000000	494.000000	165768.000000	0.000000	1678605486.303504	0.000000
0.000000	495.000000	165721.000000	0.000000	1678605486.318419	0.000000
0.000000	495.000000	165659.000000	0.000000	1678605486.333334	0.000000
0.000000	496.000000	165676.000000	0.000000	1678605486.348250	0.000000
0.000000	495.000000	165693.000000	0.000000	1678605486.362754	0.000000
0.000000	496.000000	165587.000000	0.000000	1678605486.377258	0.000000
0.000000	496.000000	165619.000000	0.000000	1678605486.391762	0.000000
0.000000	494.000000	165648.000000	0.000000	1678605486.406267	0.000000
0.000000	496.000000	165618.000000	0.000000	1678605486.420771	0.000000
0.000000	495.000000	165615.000000	0.000000	1678605486.435275	0.000000
0.000000	495.000000	165602.000000	0.000000	1678605486.450176	0.000000
0.000000	496.000000	165586.000000	0.000000	1678605486.465078	0.000000
0.000000	496.000000	165630.000000	0.000000	1678605486.479979	0.000000
0.000000	496.000000	165648.000000	0.000000	1678605486.494880	0.000000
0.000000	495.000000	165607.000000	0.000000	1678605486.509781	0.000000
0.000000	495.000000	165620.000000	0.000000	1678605486.524683	0.000000
0.000000	495.000000	165628.000000	0.000000	1678605486.544689	0.000000
0.000000	495.000000	165617.000000	0.000000	1678605486.564696	0.000000
0.000000	495.000000	165620.000000	0.000000	1678605486.584703	0.000000
0.000000	496.000000	165639.000000	0.000000	1678605486.604709	0.000000
0.000000	496.000000	165655.000000	0.000000	1678605486.624716	0.000000
0.000000	496.000000	165643.000000	0.000000	1678605486.644723	0.000000
0.000000	495.000000	165705.000000	0.000000	1678605486.657508	0.000000
0.000000	495.000000	165678.000000	0.000000	1678605486.670294	0.000000
0.000000	495.000000	165701.000000	0.000000	1678605486.683079	0.000000
0.000000	495.000000	165715.000000	0.000000	1678605486.695865	0.000000
0.000000	495.000000	165713.000000	0.000000	1678605486.708651	0.000000
0.000000	495.000000	165740.000000	0.000000	1678605486.721436	0.000000
0.000000	494.000000	165701.000000	0.000000	1678605486.736373	0.000000
0.000000	494.000000	165790.000000	0.000000	1678605486.751311	0.000000
0.000000	496.000000	165761.000000	0.000000	1678605486.766249	0.000000
0.000000	495.000000	165795.000000	0.000000	1678605486.781186	0.000000
0.000000	496.000000	165838.000000	0.000000	1678605486.796124	0.000000
0.000000	497.000000	165833.000000	0.000000	1678605486.811061	0.000000
0.000000	495.000000	165851.000000	0.000000	1678605486.826063	0.000000
0.000000	495.000000	165836.000000	0.000000	1678605486.841064	0.000000
0.000000	495.000000	165786.000000	0.000000	1678605486.856065	0.000000
0.000000	496.000000	165826.000000	0.000000	1678605486.871067	0.000000
0.000000	496.000000	165803.000000	0.000000	1678605486.886068	0.000000
0.000000	496.000000	165843.000000	0.000000	1678605486.901070	0.000000
0.000000	497.000000	165809.000000	0.000000	1678605486.920850	0.000000
0.000000	496.000000	165837.000000	0.000000	1678605486.940630	0.000000
0.000000	497.000000	165817.000000	0.000000	1678605486.960410	0.000000
0.000000	495.000000	165789.000000	0.000000	1678605486.980191	0.000000
0.000000	495.000000	165785.000000	0.000000	1678605486.999971	0.000000
0.000000	496.000000	165719.000000	0.000000	1678605487.019751	0.000000
0.000000	495.000000	165687.000000	0.000000	1678605487.032363	0.000000
0.000000	495.000000	165718.000000	0.000000	1678605487.044975	0.000000
0.000000	494.000000	165651.000000	0.000000	1678605487.057587	0.000000
0.000000	496.000000	165599.000000	0.000000	1678605487.070199	0.000000
0.000000	494.000000	165622.000000	0.000000	1678605487.082812	0.000000
0.000000	497.000000	165543.000000	0.000000	1678605487.095424	0.000000
0.000000	495.000000	165486.000000	0.000000	1678605487.110706	0.000000
0.000000	496.000000	165511.000000	0.000000	1678605487.125988	0.000000
0.000000	497.000000	165492.000000	0.000000	1678605487.141270	0.000000
0.000000	496.000000	165467.000000	0.000000	1678605487.156552	0.000000
0.000000	496.000000	165425.000000	0.000000	1678605487.171834	0.000000
0.000000	496.000000	165460.000000	0.000000	1678605487.187115	0.000000
0.000000	497.000000	165481.000000	0.000000	1678605487.201768	0.000000
0.000000	497.000000	165420.000000	0.000000	1678605487.216420	0.000000
0.000000	496.000000	165464.000000	0.000000	1678605487.231072	0.000000
0.000000	497.000000	165493.000000	0.000000	1678605487.245725	0.000000
0.000000	497.000000	165564.000000	0.000000	1678605487.260377	0.000000
0.000000	495.000000	165528.000000	0.000000	1678605487.275030	0.000000
0.000000	497.000000	165522.000000	0.000000	1678605487.292452	0.000000
0.000000	494.000000	165564.000000	0.000000	1678605487.309874	0.000000
0.000000	495.000000	165553.000000	0.000000	1678605487.327296	0.000000
0.000000	494.000000	165603.000000	0.000000	1678605487.344718	0.000000
0.000000	494.000000	165618.000000	0.000000	1678605487.362141	0.000000
0.000000	494.000000	165609.000000	0.000000	1678605487.379563	0.000000
0.000000	495.000000	165624.000000	0.000000	1678605487.394822	0.000000
0.000000	495.000000	165577.000000	0.000000	1678605487.410082	0.000000
0.000000	493.000000	165570.000000	0.000000	1678605487.425341	0.000000
0.000000	494.000000	165570.000000	0.000000	1678605487.440601	0.000000
0.000000	493.000000	165550.000000	0.000000	1678605487.455860	0.000000
0.000000	493.000000	165516.000000	0.000000	1678605487.471120	0.000000
0.000000	492.000000	165564.000000	0.000000	1678605487.486251	0.000000
0.000000	493.000000	165600.000000	0.000000	1678605487.501382	0.000000
0.000000	493.000000	165625.000000	0.000000	1678605487.516513	0.000000
0.000000	493.000000	165571.000000	0.000000	1678605487.531644	0.000000
0.000000	493.000000	165583.000000	0.000000	1678605487.546775	0.000000
0.000000	492.000000	165588.000000	0.000000	1678605487.561906	0.000000
0.000000	493.000000	165628.000000	0.000000	1678605487.576882	0.000000
0.000000	494.000000	165633.000000	0.000000	1678605487.591858	0.000000
0.000000	492.000000	165586.000000	0.000000	1678605487.606834	0.000000
0.000000	495.000000	165623.000000	0.000000	1678605487.621811	0.000000
0.000000	492.000000	165616.000000	0.000000	1678605487.636787	0.000000
0.000000	492.000000	165699.000000	0.000000	1678605487.651763	0.000000
0.000000	493.000000	165648.000000	0.000000	1678605487.668933	0.000000
0.000000	493.000000	165691.000000	0.000000	1678605487.686102	0.000000
0.000000	493.000000	165649.000000	0.000000	1678605487.703271	0.000000
0.000000	492.000000	165678.000000	0.000000	1678605487.720440	0.000000
0.000000	493.000000	165659.000000	0.000000	1678605487.737609	0.000000
0.000000	494.000000	165664.000000	0.000000	1678605487.754778	0.000000
0.000000	495.000000	165609.000000	0.000000	1678605487.772482	0.000000
0.000000	493.000000	165637.000000	0.000000	1678605487.790186	0.000000
0.000000	494.000000	165662.000000	0.000000	1678605487.807890	0.000000
0.000000	492.000000	165639.000000	0.000000	1678605487.825594	0.000000
0.000000	494.000000	165565.000000	0.000000	1678605487.843298	0.000000
0.000000	494.000000	165548.000000	0.000000	1678605487.861001	0.000000
0.000000	493.000000	165557.000000	0.000000	1678605487.875784	0.000000
0.000000	494.000000	165527.000000	0.000000	1678605487.890566	0.000000
0.000000	496.000000	165560.000000	0.000000	1678605487.905348	0.000000
0.000000	494.000000	165515.000000	0.000000	1678605487.920130	0.000000
0.000000	494.000000	165456.000000	0.000000	1678605487.934913	0.000000
0.000000	494.000000	165520.000000	0.000000	1678605487.949695	0.000000
0.000000	494.000000	165472.000000	0.000000	1678605487.962200	0.000000
0.000000	494.000000	165499.000000	0.000000	1678605487.974705	0.000000
0.000000	494.000000	165426.000000	0.000000	1678605487.987210	0.000000
0.000000	495.000000	165493.000000	0.000000	1678605487.999715	0.000000
0.000000	495.000000	165433.000000	0.000000	1678605488.012219	0.000000
0.000000	494.000000	165474.000000	0.000000	1678605488.024724	0.000000
0.000000	493.000000	165445.000000	0.000000	1678605488.042202	0.000000
0.000000	493.000000	165466.000000	0.000000	1678605488.059678	0.000000
0.000000	494.000000	165514.000000	0.000000	1678605488.077155	0.000000
0.000000	494.000000	165468.000000	0.000000	1678605488.094632	0.000000
0.000000	494.000000	165486.000000	0.000000	1678605488.112109	0.000000
0.000000	493.000000	165425.000000	0.000000	1678605488.129586	0.000000
0.000000	493.000000	165489.000000	0.000000	1678605488.144936	0.000000
0.000000	493.000000	165471.000000	0.000000	1678605488.160286	0.000000
0.000000	493.000000	165460.000000	0.000000	1678605488.175636	0.000000
0.000000	493.000000	165483.000000	0.000000	1678605488.190985	0.000000
0.000000	494.000000	165475.000000	0.000000	1678605488.206335	0.000000
0.000000	494.000000	165465.000000	0.000000	1678605488.221685	0.000000
0.000000	494.000000	165490.000000	0.000000	1678605488.236628	0.000000
0.000000	493.000000	165510.000000	0.000000	1678605488.251571	0.000000
0.000000	493.000000	165512.000000	0.000000	1678605488.266513	0.000000
0.000000	493.000000	165504.000000	0.000000	1678605488.281456	0.000000
0.000000	494.000000	165486.000000	0.000000	1678605488.296399	0.000000
0.000000	494.000000	165501.000000	0.000000	1678605488.311342	0.000000
0.000000	494.000000	165485.000000	0.000000	1678605488.326306	0.000000
0.000000	494.000000	165479.000000	0.000000	1678605488.341271	0.000000
0.000000	494.000000	165534.000000	0.000000	1678605488.356236	0.000000
0.000000	493.000000	165546.000000	0.000000	1678605488.371201	0.000000
0.000000	494.000000	165493.000000	0.000000	1678605488.386165	0.000000
0.000000	493.000000	165563.000000	0.000000	1678605488.401130	0.000000
0.000000	493.000000	165524.000000	0.000000	1678605488.416400	0.000000
0.000000	493.000000	165554.000000	0.000000	1678605488.431670	0.000000
0.000000	494.000000	165612.000000	0.000000	1678605488.446940	0.000000
0.000000	494.000000	165622.000000	0.000000	1678605488.462210	0.000000
0.000000	494.000000	165597.000000	0.000000	1678605488.477480	0.000000
0.000000	492.000000	165577.000000	0.000000	1678605488.492750	0.000000
0.000000	493.000000	165582.000000	0.000000	1678605488.510023	0.000000
0.000000	493.000000	165559.000000	0.000000	1678605488.527295	0.000000
0.000000	493.000000	165524.000000	0.000000	1678605488.544568	0.000000
0.000000	493.000000	165509.000000	0.000000	1678605488.561840	0.000000
0.000000	493.000000	165485.000000	0.000000	1678605488.579112	0.000000
0.000000	493.000000	165488.000000	0.000000	1678605488.596385	0.000000
0.000000	494.000000	165422.000000	0.000000	1678605488.611323	0.000000
0.000000	493.000000	165395.000000	0.000000	1678605488.626262	0.000000
0.000000	494.000000	165383.000000	0.000000	1678605488.641201	0.000000
0.000000	494.000000	165375.000000	0.000000	1678605488.656139	0.000000
0.000000	493.000000	165379.000000	0.000000	1678605488.671078	0.000000
0.000000	494.000000	165330.000000	0.000000	1678605488.686017	0.000000
0.000000	493.000000	165347.000000	0.000000	1678605488.703593	0.000000
0.000000	494.000000	165273.000000	0.000000	1678605488.721169	0.000000
0.000000	494.000000	165292.000000	0.000000	1678605488.738745	0.000000
0.000000	493.000000	165251.000000	0.000000	1678605488.756321	0.000000
0.000000	493.000000	165270.000000	0.000000	1678605488.773897	0.000000
0.000000	494.000000	165191.000000	0.000000	1678605488.791473	0.000000
0.000000	494.000000	165214.000000	0.000000	1678605488.807126	0.000000
0.000000	493.000000	165188.000000	0.000000	1678605488.822779	0.000000
0.000000	494.000000	165200.000000	0.000000	1678605488.838432	0.000000
0.000000	494.000000	165229.000000	0.000000	1678605488.854085	0.000000
0.000000	495.000000	165185.000000	0.000000	1678605488.869738	0.000000
0.000000	494.000000	165193.000000	0.000000	1678605488.885391	0.000000
0.000000	494.000000	165198.000000	0.000000	1678605488.899467	0.000000
0.000000	494.000000	165211.000000	0.000000	1678605488.913543	0.000000
0.000000	495.000000	165186.000000	0.000000	1678605488.927619	0.000000
0.000000	494.000000	165134.000000	0.000000	1678605488.941696	0.000000
0.000000	495.000000	165262.000000	0.000000	1678605488.955772	0.000000
0.000000	494.000000	165246.000000	0.000000	1678605488.969848	0.000000
0.000000	495.000000	165249.000000	0.000000	1678605488.985032	0.000000
0.000000	494.000000	165188.000000	0.000000	1678605489.000216	0.000000
0.000000	494.000000	165234.000000	0.000000	1678605489.015401	0.000000
0.000000	494.000000	165231.000000	0.000000	1678605489.030585	0.000000
0.000000	493.000000	165275.000000	0.000000	1678605489.045769	0.000000
0.000000	493.000000	165297.000000	0.000000	1678605489.060954	0.000000
0.000000	492.000000	165284.000000	0.000000	1678605489.075986	0.000000
0.000000	494.000000	165268.000000	0.000000	1678605489.091018	0.000000
0.000000	494.000000	165218.000000	0.000000	1678605489.106050	0.000000
0.000000	493.000000	165299.000000	0.000000	1678605489.121083	0.000000
0.000000	493.000000	165274.000000	0.000000	1678605489.136115	0.000000
0.000000	494.000000	165232.000000	0.000000	1678605489.151148	0.000000
0.000000	495.000000	165269.000000	0.000000	1678605489.166155	0.000000
0.000000	492.000000	165263.000000	0.000000	1678605489.181162	0.000000
0.000000	492.000000	165247.000000	0.000000	1678605489.196169	0.000000
0.000000	494.000000	165259.000000	0.000000	1678605489.211176	0.000000
0.000000	493.000000	165325.000000	0.000000	1678605489.226183	0.000000
0.000000	493.000000	165310.000000	0.000000	1678605489.241190	0.000000
0.000000	494.000000	165339.000000	0.000000	1678605489.258832	0.000000
0.000000	494.000000	165332.000000	0.000000	1678605489.276475	0.000000
0.000000	494.000000	165297.000000	0.000000	1678605489.294117	0.000000
0.000000	494.000000	165335.000000	0.000000	1678605489.311759	0.000000
0.000000	495.000000	165359.000000	0.000000	1678605489.329402	0.000000
0.000000	495.000000	165356.000000	0.000000	1678605489.347044	0.000000
0.000000	495.000000	165300.000000	0.000000	1678605489.361870	0.000000
0.000000	493.000000	165286.000000	0.000000	1678605489.376695	0.000000
0.000000	493.000000	165271.000000	0.000000	1678605489.391521	0.000000
0.000000	495.000000	165306.000000	0.000000	1678605489.406346	0.000000
0.000000	493.000000	165237.000000	0.000000	1678605489.421172	0.000000
0.000000	493.000000	165240.000000	0.000000	1678605489.435997	0.000000
0.000000	493.000000	165205.000000	0.000000	1678605489.451020	0.000000
0.000000	493.000000	165185.000000	0.000000	1678605489.466043	0.000000
0.000000	494.000000	165113.000000	0.000000	1678605489.481066	0.000000
0.000000	495.000000	165112.000000	0.000000	1678605489.496089	0.000000
0.000000	494.000000	165072.000000	0.000000	1678605489.511111	0.000000
0.000000	493.000000	165049.000000	0.000000	1678605489.526134	0.000000
0.000000	494.000000	165092.000000	0.000000	1678605489.543414	0.000000
0.000000	493.000000	165044.000000	0.000000	1678605489.560693	0.000000
0.000000	494.000000	164957.000000	0.000000	1678605489.577973	0.000000
0.000000	494.000000	164896.000000	0.000000	1678605489.595252	0.000000
0.000000	493.000000	164942.000000	0.000000	1678605489.612532	0.000000
0.000000	494.000000	164923.000000	0.000000	1678605489.629812	0.000000
0.000000	494.000000	164920.000000	0.000000	1678605489.645027	0.000000
0.000000	495.000000	164901.000000	0.000000	1678605489.660242	0.000000
0.000000	494.000000	164866.000000	0.000000	1678605489.675457	0.000000
0.000000	494.000000	164862.000000	0.000000	1678605489.690673	0.000000
0.000000	494.000000	164859.000000	0.000000	1678605489.705888	0.000000
0.000000	494.000000	164864.000000	0.000000	1678605489.721103	0.000000
0.000000	495.000000	164897.000000	0.000000	1678605489.736152	0.000000
0.000000	494.000000	164885.000000	0.000000	1678605489.751201	0.000000
0.000000	495.000000	164905.000000	0.000000	1678605489.766251	0.000000
0.000000	494.000000	164929.000000	0.000000	1678605489.781300	0.000000
0.000000	493.000000	164929.000000	0.000000	1678605489.796349	0.000000
0.000000	494.000000	164891.000000	0.000000	1678605489.811398	0.000000
0.000000	493.000000	164947.000000	0.000000	1678605489.826361	0.000000
0.000000	494.000000	164891.000000	0.000000	1678605489.841325	0.000000
0.000000	496.000000	164943.000000	0.000000	1678605489.856288	0.000000
0.000000	495.000000	164980.000000	0.000000	1678605489.871251	0.000000
0.000000	493.000000	164923.000000	0.000000	1678605489.886214	0.000000
0.000000	495.000000	164902.000000	0.000000	1678605489.901178	0.000000
0.000000	495.000000	164976.000000	0.000000	1678605489.918450	0.000000
0.000000	494.000000	165021.000000	0.000000	1678605489.935721	0.000000
0.000000	495.000000	164961.000000	0.000000	1678605489.952993	0.000000
0.000000	496.000000	164990.000000	0.000000	1678605489.970265	0.000000
0.000000	495.000000	165021.000000	0.000000	1678605489.987536	0.000000
0.000000	496.000000	165051.000000	0.000000	1678605490.004808	0.000000
0.000000	494.000000	165035.000000	0.000000	1678605490.020028	0.000000
0.000000	496.000000	165041.000000	0.000000	1678605490.035248	0.000000
0.000000	495.000000	165038.000000	0.000000	1678605490.050468	0.000000
0.000000	496.000000	165093.000000	0.000000	1678605490.065689	0.000000
0.000000	494.000000	165083.000000	0.000000	1678605490.080909	0.000000
0.000000	495.000000	165089.000000	0.000000	1678605490.096129	0.000000
0.000000	493.000000	165118.000000	0.000000	1678605490.111070	0.000000
0.000000	494.000000	165149.000000	0.000000	1678605490.126011	0.000000
0.000000	495.000000	165139.000000	0.000000	1678605490.140953	0.000000
0.000000	494.000000	165155.000000	0.000000	1678605490.155894	0.000000
0.000000	494.000000	165161.000000	0.000000	1678605490.170835	0.000000
0.000000	495.000000	165148.000000	0.000000	1678605490.185776	0.000000
0.000000	495.000000	165155.000000	0.000000	1678605490.201095	0.000000
0.000000	495.000000	165180.000000	0.000000	1678605490.216413	0.000000
0.000000	495.000000	165126.000000	0.000000	1678605490.231732	0.000000
0.000000	495.000000	165162.000000	0.000000	1678605490.247051	0.000000
0.000000	494.000000	165102.000000	0.000000	1678605490.262370	0.000000
0.000000	495.000000	165100.000000	0.000000	1678605490.277689	0.000000
0.000000	495.000000	165089.000000	0.000000	1678605490.294732	0.000000
0.000000	495.000000	165135.000000	0.000000	1678605490.311774	0.000000
0.000000	493.000000	165088.000000	0.000000	1678605490.328817	0.000000
0.000000	495.000000	165096.000000	0.000000	1678605490.345860	0.000000
0.000000	494.000000	165021.000000	0.000000	1678605490.362904	0.000000
0.000000	495.000000	165101.000000	0.000000	1678605490.379946	0.000000
0.000000	493.000000	165021.000000	0.000000	1678605490.394911	0.000000
0.000000	496.000000	165088.000000	0.000000	1678605490.409876	0.000000
0.000000	494.000000	165075.000000	0.000000	1678605490.424841	0.000000
0.000000	495.000000	165079.000000	0.000000	1678605490.439806	0.000000
0.000000	494.000000	165065.000000	0.000000	1678605490.454770	0.000000
0.000000	494.000000	165129.000000	0.000000	1678605490.469735	0.000000
0.000000	493.000000	165128.000000	0.000000	1678605490.484742	0.000000
0.000000	495.000000	165163.000000	0.000000	1678605490.499749	0.000000
0.000000	493.000000	165156.000000	0.000000	1678605490.514756	0.000000
0.000000	494.000000	165147.000000	0.000000	1678605490.529763	0.000000
0.000000	493.000000	165120.000000	0.000000	1678605490.544770	0.000000
0.000000	494.000000	165132.000000	0.000000	1678605490.559777	0.000000
0.000000	493.000000	165180.000000	0.000000	1678605490.575022	0.000000
0.000000	493.000000	165132.000000	0.000000	1678605490.590267	0.000000
0.000000	494.000000	165205.000000	0.000000	1678605490.605512	0.000000
0.000000	495.000000	165180.000000	0.000000	1678605490.620757	0.000000
0.000000	494.000000	165141.000000	0.000000	1678605490.636002	0.000000
0.000000	493.000000	165173.000000	0.000000	1678605490.651246	0.000000
0.000000	494.000000	165216.000000	0.000000	1678605490.666368	0.000000
0.000000	494.000000	165165.000000	0.000000	1678605490.681490	0.000000
0.000000	493.000000	165228.000000	0.000000	1678605490.696611	0.000000
0.000000	493.000000	165191.000000	0.000000	1678605490.711733	0.000000
0.000000	496.000000	165251.000000	0.000000	1678605490.726855	0.000000
0.000000	494.000000	165258.000000	0.000000	1678605490.741976	0.000000
0.000000	495.000000	165251.000000	0.000000	1678605490.759207	0.000000
0.000000	496.000000	165176.000000	0.000000	1678605490.776438	0.000000
0.000000	495.000000	165212.000000	0.000000	1678605490.793669	0.000000
0.000000	494.000000	165189.000000	0.000000	1678605490.810900	0.000000
0.000000	493.000000	165232.000000	0.000000	1678605490.828131	0.000000
0.000000	495.000000	165230.000000	0.000000	1678605490.845362	0.000000
0.000000	494.000000	165299.000000	0.000000	1678605490.860446	0.000000
0.000000	494.000000	165313.000000	0.000000	1678605490.875531	0.000000
0.000000	494.000000	165284.000000	0.000000	1678605490.890615	0.000000
0.000000	494.000000	165322.000000	0.000000	1678605490.905700	0.000000
0.000000	493.000000	165328.000000	0.000000	1678605490.920784	0.000000
0.000000	494.000000	165339.000000	0.000000	1678605490.935869	0.000000
0.000000	493.000000	165360.000000	0.000000	1678605490.950915	0.000000
0.000000	494.000000	165319.000000	0.000000	1678605490.965961	0.000000
0.000000	493.000000	165318.000000	0.000000	1678605490.981007	0.000000
0.000000	494.000000	165261.000000	0.000000	1678605490.996053	0.000000
0.000000	495.000000	165289.000000	0.000000	1678605491.011099	0.000000
0.000000	494.000000	165288.000000	0.000000	1678605491.026145	0.000000
0.000000	495.000000	165232.000000	0.000000	1678605491.043418	0.000000
0.000000	495.000000	165264.000000	0.000000	1678605491.060691	0.000000
0.000000	494.000000	165268.000000	0.000000	1678605491.077963	0.000000
0.000000	495.000000	165235.000000	0.000000	1678605491.095236	0.000000
0.000000	495.000000	165207.000000	0.000000	1678605491.112509	0.000000
0.000000	494.000000	165176.000000	0.000000	1678605491.129782	0.000000
0.000000	495.000000	165168.000000	0.000000	1678605491.147284	0.000000
0.000000	494.000000	165193.000000	0.000000	1678605491.164785	0.000000
0.000000	494.000000	165153.000000	0.000000	1678605491.182287	0.000000
0.000000	493.000000	165144.000000	0.000000	1678605491.199788	0.000000
0.000000	495.000000	165139.000000	0.000000	1678605491.217290	0.000000
0.000000	493.000000	165148.000000	0.000000	1678605491.234792	0.000000
0.000000	494.000000	165156.000000	0.000000	1678605491.247499	0.000000
0.000000	494.000000	165175.000000	0.000000	1678605491.260207	0.000000
0.000000	493.000000	165168.000000	0.000000	1678605491.272915	0.000000
0.000000	495.000000	165138.000000	0.000000	1678605491.285623	0.000000
0.000000	493.000000	165119.000000	0.000000	1678605491.298330	0.000000
0.000000	494.000000	165130.000000	0.000000	1678605491.311038	0.000000
0.000000	494.000000	165143.000000	0.000000	1678605491.325915	0.000000
0.000000	493.000000	165149.000000	0.000000	1678605491.340792	0.000000
0.000000	493.000000	165120.000000	0.000000	1678605491.355669	0.000000
0.000000	494.000000	165087.000000	0.000000	1678605491.370547	0.000000
0.000000	494.000000	165141.000000	0.000000	1678605491.385424	0.000000
0.000000	494.000000	165081.000000	0.000000	1678605491.400301	0.000000
0.000000	494.000000	165117.000000	0.000000	1678605491.415551	0.000000
0.000000	495.000000	165154.000000	0.000000	1678605491.430801	0.000000
0.000000	495.000000	165153.000000	0.000000	1678605491.446052	0.000000
0.000000	496.000000	165136.000000	0.000000	1678605491.461302	0.000000
0.000000	496.000000	165167.000000	0.000000	1678605491.476552	0.000000
0.000000	495.000000	165160.000000	0.000000	1678605491.491802	0.000000
0.000000	493.000000	165197.000000	0.000000	1678605491.509249	0.000000
0.000000	494.000000	165199.000000	0.000000	1678605491.526697	0.000000
0.000000	494.000000	165206.000000	0.000000	1678605491.544144	0.000000
0.000000	493.000000	165200.000000	0.000000	1678605491.561591	0.000000
0.000000	494.000000	165225.000000	0.000000	1678605491.579039	0.000000
0.000000	495.000000	165253.000000	0.000000	1678605491.596486	0.000000
0.000000	494.000000	165212.000000	0.000000	1678605491.611281	0.000000
0.000000	495.000000	165177.000000	0.000000	1678605491.626076	0.000000
0.000000	494.000000	165226.000000	0.000000	1678605491.640871	0.000000
0.000000	494.000000	165217.000000	0.000000	1678605491.655666	0.000000
0.000000	496.000000	165249.000000	0.000000	1678605491.670461	0.000000
0.000000	495.000000	165272.000000	0.000000	1678605491.685256	0.000000
0.000000	495.000000	165253.000000	0.000000	1678605491.700502	0.000000
0.000000	495.000000	165301.000000	0.000000	1678605491.715749	0.000000
0.000000	497.000000	165239.000000	0.000000	1678605491.730996	0.000000
0.000000	496.000000	165272.000000	0.000000	1678605491.746243	0.000000
0.000000	495.000000	165235.000000	0.000000	1678605491.761489	0.000000
0.000000	494.000000	165163.000000	0.000000	1678605491.776736	0.000000
0.000000	495.000000	165264.000000	0.000000	1678605491.793904	0.000000
0.000000	495.000000	165169.000000	0.000000	1678605491.811072	0.000000
0.000000	494.000000	165138.000000	0.000000	1678605491.828240	0.000000
0.000000	495.000000	165134.000000	0.000000	1678605491.845409	0.000000
0.000000	494.000000	165135.000000	0.000000	1678605491.862577	0.000000
0.000000	495.000000	165111.000000	0.000000	1678605491.879745	0.000000
0.000000	494.000000	165118.000000	0.000000	1678605491.894945	0.000000
0.000000	493.000000	165124.000000	0.000000	1678605491.910145	0.000000
0.000000	494.000000	165095.000000	0.000000	1678605491.925345	0.000000
0.000000	494.000000	165118.000000	0.000000	1678605491.940545	0.000000
0.000000	494.000000	165092.000000	0.000000	1678605491.955745	0.000000
0.000000	494.000000	165125.000000	0.000000	1678605491.970946	0.000000
0.000000	494.000000	165122.000000	0.000000	1678605491.985787	0.000000
0.000000	494.000000	165083.000000	0.000000	1678605492.000629	0.000000
0.000000	495.000000	165062.000000	0.000000	1678605492.015470	0.000000
0.000000	496.000000	165069.000000	0.000000	1678605492.030312	0.000000
0.000000	495.000000	165079.000000	0.000000	1678605492.045153	0.000000
0.000000	493.000000	165029.000000	0.000000	1678605492.059995	0.000000
0.000000	495.000000	165031.000000	0.000000	1678605492.075035	0.000000
0.000000	494.000000	165058.000000	0.000000	1678605492.090075	0.000000
0.000000	495.000000	165046.000000	0.000000	1678605492.105114	0.000000
0.000000	494.000000	164961.000000	0.000000	1678605492.120154	0.000000
0.000000	494.000000	164978.000000	0.000000	1678605492.135194	0.000000
0.000000	496.000000	165000.000000	0.000000	1678605492.150234	0.000000
0.000000	495.000000	165016.000000	0.000000	1678605492.167669	0.000000
0.000000	495.000000	164990.000000	0.000000	1678605492.185104	0.000000
0.000000	493.000000	164989.000000	0.000000	1678605492.202539	0.000000
0.000000	493.000000	165058.000000	0.000000	1678605492.219975	0.000000
0.000000	493.000000	165073.000000	0.000000	1678605492.237410	0.000000
0.000000	494.000000	165094.000000	0.000000	1678605492.254845	0.000000
0.000000	493.000000	165101.000000	0.000000	1678605492.270111	0.000000
0.000000	493.000000	165153.000000	0.000000	1678605492.285377	0.000000
0.000000	494.000000	165106.000000	0.000000	1678605492.300643	0.000000
0.000000	494.000000	165105.000000	0.000000	1678605492.315910	0.000000
0.000000	491.000000	165147.000000	0.000000	1678605492.331176	0.000000
0.000000	493.000000	165145.000000	0.000000	1678605492.346442	0.000000
0.000000	493.000000	165100.000000	0.000000	1678605492.361339	0.000000
0.000000	493.000000	165126.000000	0.000000	1678605492.376235	0.000000
0.000000	494.000000	165078.000000	0.000000	1678605492.391132	0.000000
0.000000	495.000000	165155.000000	0.000000	1678605492.406029	0.000000
0.000000	495.000000	165160.000000	0.000000	1678605492.420926	0.000000
0.000000	494.000000	165179.000000	0.000000	1678605492.435822	0.000000
0.000000	495.000000	165190.000000	0.000000	1678605492.450797	0.000000
0.000000	494.000000	165215.000000	0.000000	1678605492.465772	0.000000
0.000000	495.000000	165177.000000	0.000000	1678605492.480746	0.000000
0.000000	494.000000	165145.000000	0.000000	1678605492.495721	0.000000
0.000000	493.000000	165195.000000	0.000000	1678605492.510696	0.000000
0.000000	494.000000	165187.000000	0.000000	1678605492.525670	0.000000
0.000000	494.000000	165147.000000	0.000000	1678605492.543211	0.000000
0.000000	494.000000	165158.000000	0.000000	1678605492.560752	0.000000
0.000000	493.000000	165087.000000	0.000000	1678605492.578293	0.000000
0.000000	493.000000	165119.000000	0.000000	1678605492.595834	0.000000
0.000000	493.000000	165036.000000	0.000000	1678605492.613375	0.000000
0.000000	495.000000	165072.000000	0.000000	1678605492.630916	0.000000
0.000000	494.000000	165087.000000	0.000000	1678605492.648252	0.000000
0.000000	494.000000	165067.000000	0.000000	1678605492.665587	0.000000
0.000000	494.000000	165007.000000	0.000000	1678605492.682923	0.000000
0.000000	493.000000	164983.000000	0.000000	1678605492.700259	0.000000
0.000000	494.000000	165019.000000	0.000000	1678605492.717594	0.000000
0.000000	494.000000	165014.000000	0.000000	1678605492.734930	0.000000
0.000000	495.000000	165006.000000	0.000000	1678605492.747493	0.000000
0.000000	494.000000	165012.000000	0.000000	1678605492.760056	0.000000
0.000000	496.000000	164996.000000	0.000000	1678605492.772620	0.000000
0.000000	494.000000	165023.000000	0.000000	1678605492.785183	0.000000
0.000000	494.000000	165047.000000	0.000000	1678605492.797746	0.000000
0.000000	495.000000	165039.000000	0.000000	1678605492.810310	0.000000
0.000000	495.000000	164991.000000	0.000000	1678605492.825401	0.000000
0.000000	494.000000	164975.000000	0.000000	1678605492.840493	0.000000
0.000000	494.000000	164992.000000	0.000000	1678605492.855584	0.000000
0.000000	494.000000	165060.000000	0.000000	1678605492.870676	0.000000
0.000000	496.000000	165008.000000	0.000000	1678605492.885767	0.000000
0.000000	494.000000	165057.000000	0.000000	1678605492.900859	0.000000
0.000000	493.000000	165087.000000	0.000000	1678605492.918133	0.000000
0.000000	495.000000	165061.000000	0.000000	1678605492.935409	0.000000
0.000000	494.000000	165041.000000	0.000000	1678605492.952683	0.000000
0.000000	495.000000	165024.000000	0.000000	1678605492.969958	0.000000
0.000000	494.000000	165042.000000	0.000000	1678605492.987233	0.000000
0.000000	494.000000	165106.000000	0.000000	1678605493.004508	0.000000
0.000000	494.000000	165086.000000	0.000000	1678605493.019629	0.000000
0.000000	493.000000	165134.000000	0.000000	1678605493.034749	0.000000
0.000000	493.000000	165100.000000	0.000000	1678605493.049869	0.000000
0.000000	496.000000	165110.000000	0.000000	1678605493.064989	0.000000
0.000000	494.000000	165064.000000	0.000000	1678605493.080109	0.000000
0.000000	495.000000	165107.000000	0.000000	1678605493.095230	0.000000
0.000000	494.000000	165142.000000	0.000000	1678605493.113053	0.000000
0.000000	495.000000	165072.000000	0.000000	1678605493.130876	0.000000
0.000000	495.000000	165143.000000	0.000000	1678605493.148700	0.000000
0.000000	495.000000	165126.000000	0.000000	1678605493.166523	0.000000
0.000000	493.000000	165147.000000	0.000000	1678605493.184346	0.000000
0.000000	495.000000	165139.000000	0.000000	1678605493.202170	0.000000
0.000000	494.000000	165173.000000	0.000000	1678605493.216863	0.000000
0.000000	496.000000	165154.000000	0.000000	1678605493.231557	0.000000
0.000000	495.000000	165171.000000	0.000000	1678605493.246250	0.000000
0.000000	495.000000	165191.000000	0.000000	1678605493.260944	0.000000
0.000000	496.000000	165162.000000	0.000000	1678605493.275637	0.000000
0.000000	495.000000	165117.000000	0.000000	1678605493.290331	0.000000
0.000000	494.000000	165110.000000	0.000000	1678605493.305504	0.000000
0.000000	494.000000	165009.000000	0.000000	1678605493.320677	0.000000
0.000000	494.000000	165049.000000	0.000000	1678605493.335849	0.000000
0.000000	495.000000	165054.000000	0.000000	1678605493.351022	0.000000
0.000000	495.000000	165035.000000	0.000000	1678605493.366195	0.000000
0.000000	494.000000	164994.000000	0.000000	1678605493.381368	0.000000
0.000000	493.000000	165031.000000	0.000000	1678605493.396471	0.000000
0.000000	495.000000	165002.000000	0.000000	1678605493.411575	0.000000
0.000000	493.000000	165003.000000	0.000000	1678605493.426678	0.000000
0.000000	495.000000	165053.000000	0.000000	1678605493.441781	0.000000
0.000000	494.000000	164997.000000	0.000000	1678605493.456885	0.000000
0.000000	496.000000	164992.000000	0.000000	1678605493.471988	0.000000
0.000000	496.000000	165035.000000	0.000000	1678605493.486879	0.000000
0.000000	495.000000	165024.000000	0.000000	1678605493.501770	0.000000
0.000000	494.000000	165007.000000	0.000000	1678605493.516660	0.000000
0.000000	496.000000	165041.000000	0.000000	1678605493.531551	0.000000
0.000000	496.000000	165055.000000	0.000000	1678605493.546442	0.000000
0.000000	495.000000	164977.000000	0.000000	1678605493.561332	0.000000
0.000000	495.000000	164997.000000	0.000000	1678605493.576523	0.000000
0.000000	495.000000	164994.000000	0.000000	1678605493.591714	0.000000
0.000000	494.000000	164966.000000	0.000000	1678605493.606905	0.000000
0.000000	495.000000	164941.000000	0.000000	1678605493.622096	0.000000
0.000000	495.000000	164947.000000	0.000000	1678605493.637287	0.000000
0.000000	494.000000	164965.000000	0.000000	1678605493.652478	0.000000
0.000000	493.000000	164964.000000	0.000000	1678605493.672027	0.000000
0.000000	493.000000	164964.000000	0.000000	1678605493.691576	0.000000
0.000000	494.000000	164963.000000	0.000000	1678605493.711125	0.000000
0.000000	494.000000	164936.000000	0.000000	1678605493.730675	0.000000
0.000000	493.000000	164891.000000	0.000000	1678605493.750224	0.000000
0.000000	494.000000	164922.000000	0.000000	1678605493.769773	0.000000
0.000000	493.000000	164881.000000	0.000000	1678605493.782547	0.000000
0.000000	495.000000	164848.000000	0.000000	1678605493.795321	0.000000
0.000000	495.000000	164861.000000	0.000000	1678605493.808095	0.000000
0.000000	494.000000	164811.000000	0.000000	1678605493.820870	0.000000
0.000000	494.000000	164785.000000	0.000000	1678605493.833644	0.000000
0.000000	495.000000	164722.000000	0.000000	1678605493.846418	0.000000
0.000000	495.000000	164723.000000	0.000000	1678605493.861333	0.000000
0.000000	494.000000	164717.000000	0.000000	1678605493.876249	0.000000
0.000000	494.000000	164652.000000	0.000000	1678605493.891164	0.000000
0.000000	495.000000	164682.000000	0.000000	1678605493.906080	0.000000
0.000000	495.000000	164635.000000	0.000000	1678605493.920995	0.000000
0.000000	493.000000	164621.000000	0.000000	1678605493.935911	0.000000
0.000000	493.000000	164730.000000	0.000000	1678605493.950781	0.000000
0.000000	494.000000	164740.000000	0.000000	1678605493.965650	0.000000
0.000000	494.000000	164669.000000	0.000000	1678605493.980520	0.000000
0.000000	494.000000	164682.000000	0.000000	1678605493.995390	0.000000
0.000000	493.000000	164716.000000	0.000000	1678605494.010260	0.000000
0.000000	494.000000	164587.000000	0.000000	1678605494.025130	0.000000
0.000000	494.000000	164600.000000	0.000000	1678605494.040909	0.000000
0.000000	495.000000	164572.000000	0.000000	1678605494.056688	0.000000
0.000000	495.000000	164593.000000	0.000000	1678605494.072467	0.000000
0.000000	495.000000	164568.000000	0.000000	1678605494.088247	0.000000
0.000000	494.000000	164600.000000	0.000000	1678605494.104026	0.000000
0.000000	493.000000	164583.000000	0.000000	1678605494.119805	0.000000
0.000000	494.000000	164594.000000	0.000000	1678605494.139181	0.000000
0.000000	495.000000	164551.000000	0.000000	1678605494.158557	0.000000
0.000000	493.000000	164544.000000	0.000000	1678605494.177933	0.000000
0.000000	494.000000	164533.000000	0.000000	1678605494.197309	0.000000
0.000000	494.000000	164548.000000	0.000000	1678605494.216685	0.000000
0.000000	494.000000	164553.000000	0.000000	1678605494.236061	0.000000
0.000000	494.000000	164505.000000	0.000000	1678605494.248591	0.000000
0.000000	495.000000	164522.000000	0.000000	1678605494.261120	0.000000
0.000000	494.000000	164512.000000	0.000000	1678605494.273650	0.000000
0.000000	494.000000	164425.000000	0.000000	1678605494.286180	0.000000
0.000000	495.000000	164412.000000	0.000000	1678605494.298710	0.000000
0.000000	494.000000	164429.000000	0.000000	1678605494.311239	0.000000
0.000000	493.000000	164467.000000	0.000000	1678605494.326249	0.000000
0.000000	494.000000	164514.000000	0.000000	1678605494.341258	0.000000
0.000000	494.000000	164498.000000	0.000000	1678605494.356268	0.000000
0.000000	495.000000	164508.000000	0.000000	1678605494.371277	0.000000
0.000000	495.000000	164523.000000	0.000000	1678605494.386286	0.000000
0.000000	495.000000	164553.000000	0.000000	1678605494.401296	0.000000
0.000000	495.000000	164542.000000	0.000000	1678605494.418768	0.000000
0.000000	494.000000	164503.000000	0.000000	1678605494.436241	0.000000
0.000000	493.000000	164563.000000	0.000000	1678605494.453713	0.000000
0.000000	495.000000	164563.000000	0.000000	1678605494.471186	0.000000
0.000000	494.000000	164567.000000	0.000000	1678605494.488659	0.000000
0.000000	494.000000	164601.000000	0.000000	1678605494.506131	0.000000
0.000000	494.000000	164602.000000	0.000000	1678605494.523476	0.000000
0.000000	495.000000	164550.000000	0.000000	1678605494.540821	0.000000
0.000000	494.000000	164593.000000	0.000000	1678605494.558166	0.000000
0.000000	495.000000	164586.000000	0.000000	1678605494.575511	0.000000
0.000000	496.000000	164574.000000	0.000000	1678605494.592856	0.000000
0.000000	495.000000	164592.000000	0.000000	1678605494.610201	0.000000
0.000000	495.000000	164656.000000	0.000000	1678605494.622688	0.000000
0.000000	495.000000	164589.000000	0.000000	1678605494.635175	0.000000
0.000000	496.000000	164596.000000	0.000000	1678605494.647662	0.000000
0.000000	495.000000	164648.000000	0.000000	1678605494.660149	0.000000
0.000000	495.000000	164628.000000	0.000000	1678605494.672636	0.000000
0.000000	495.000000	164635.000000	0.000000	1678605494.685123	0.000000
0.000000	495.000000	164660.000000	0.000000	1678605494.702599	0.000000
0.000000	495.000000	164650.000000	0.000000	1678605494.720075	0.000000
0.000000	495.000000	164569.000000	0.000000	1678605494.737551	0.000000
0.000000	496.000000	164588.000000	0.000000	1678605494.755027	0.000000
0.000000	495.000000	164519.000000	0.000000	1678605494.772503	0.000000
0.000000	494.000000	164549.000000	0.000000	1678605494.789979	0.000000
0.000000	494.000000	164524.000000	0.000000	1678605494.805132	0.000000
0.000000	496.000000	164480.000000	0.000000	1678605494.820285	0.000000
0.000000	495.000000	164456.000000	0.000000	1678605494.835438	0.000000
0.000000	495.000000	164469.000000	0.000000	1678605494.850590	0.000000
0.000000	496.000000	164417.000000	0.000000	1678605494.865743	0.000000
0.000000	495.000000	164378.000000	0.000000	1678605494.880896	0.000000
0.000000	496.000000	164358.000000	0.000000	1678605494.895993	0.000000
0.000000	497.000000	164361.000000	0.000000	1678605494.911090	0.000000
0.000000	495.000000	164367.000000	0.000000	1678605494.926187	0.000000
0.000000	496.000000	164356.000000	0.000000	1678605494.941284	0.000000
0.000000	497.000000	164382.000000	0.000000	1678605494.956381	0.000000
0.000000	496.000000	164335.000000	0.000000	1678605494.971478	0.000000
0.000000	496.000000	164321.000000	0.000000	1678605494.986409	0.000000
0.000000	495.000000	164335.000000	0.000000	1678605495.001341	0.000000
0.000000	497.000000	164338.000000	0.000000	1678605495.016273	0.000000
0.000000	495.000000	164360.000000	0.000000	1678605495.031205	0.000000
0.000000	495.000000	164299.000000	0.000000	1678605495.046137	0.000000
0.000000	496.000000	164260.000000	0.000000	1678605495.061069	0.000000
0.000000	495.000000	164360.000000	0.000000	1678605495.075929	0.000000
0.000000	497.000000	164365.000000	0.000000	1678605495.090789	0.000000
0.000000	496.000000	164378.000000	0.000000	1678605495.105649	0.000000
0.000000	496.000000	164307.000000	0.000000	1678605495.120509	0.000000
0.000000	495.000000	164335.000000	0.000000	1678605495.135369	0.000000
0.000000	495.000000	164390.000000	0.000000	1678605495.150229	0.000000
0.000000	495.000000	164372.000000	0.000000	1678605495.167912	0.000000
0.000000	497.000000	164385.000000	0.000000	1678605495.185596	0.000000
0.000000	496.000000	164370.000000	0.000000	1678605495.203279	0.000000
0.000000	497.000000	164371.000000	0.000000	1678605495.220963	0.000000
0.000000	497.000000	164410.000000	0.000000	1678605495.238646	0.000000
0.000000	496.000000	164403.000000	0.000000	1678605495.256329	0.000000
0.000000	497.000000	164403.000000	0.000000	1678605495.271415	0.000000
0.000000	497.000000	164397.000000	0.000000	1678605495.286500	0.000000
0.000000	495.000000	164394.000000	0.000000	1678605495.301585	0.000000
0.000000	496.000000	164400.000000	0.000000	1678605495.316671	0.000000
0.000000	497.000000	164457.000000	0.000000	1678605495.331756	0.000000
0.000000	495.000000	164447.000000	0.000000	1678605495.346841	0.000000
0.000000	496.000000	164459.000000	0.000000	1678605495.361586	0.000000
0.000000	497.000000	164421.000000	0.000000	1678605495.376330	0.000000
0.000000	496.000000	164471.000000	0.000000	1678605495.391075	0.000000
0.000000	496.000000	164346.000000	0.000000	1678605495.405819	0.000000
0.000000	495.000000	164447.000000	0.000000	1678605495.420564	0.000000
0.000000	496.000000	164420.000000	0.000000	1678605495.435308	0.000000
0.000000	494.000000	164444.000000	0.000000	1678605495.450467	0.000000
0.000000	496.000000	164409.000000	0.000000	1678605495.465626	0.000000
0.000000	496.000000	164388.000000	0.000000	1678605495.480784	0.000000
0.000000	495.000000	164383.000000	0.000000	1678605495.495942	0.000000
0.000000	496.000000	164310.000000	0.000000	1678605495.511101	0.000000
0.000000	494.000000	164309.000000	0.000000	1678605495.526259	0.000000
0.000000	495.000000	164260.000000	0.000000	1678605495.543810	0.000000
0.000000	497.000000	164286.000000	0.000000	1678605495.561360	0.000000
0.000000	495.000000	164320.000000	0.000000	1678605495.578911	0.000000
0.000000	496.000000	164269.000000	0.000000	1678605495.596461	0.000000
0.000000	497.000000	164260.000000	0.000000	1678605495.614012	0.000000
0.000000	496.000000	164250.000000	0.000000	1678605495.631562	0.000000
0.000000	496.000000	164206.000000	0.000000	1678605495.646374	0.000000
0.000000	497.000000	164216.000000	0.000000	1678605495.661185	0.000000
0.000000	496.000000	164246.000000	0.000000	1678605495.675996	0.000000
0.000000	495.000000	164240.000000	0.000000	1678605495.690808	0.000000
0.000000	495.000000	164253.000000	0.000000	1678605495.705619	0.000000
0.000000	495.000000	164253.000000	0.000000	1678605495.720431	0.000000
0.000000	494.000000	164213.000000	0.000000	1678605495.735602	0.000000
0.000000	495.000000	164196.000000	0.000000	1678605495.750773	0.000000
0.000000	496.000000	164257.000000	0.000000	1678605495.765944	0.000000
0.000000	495.000000	164220.000000	0.000000	1678605495.781116	0.000000
0.000000	495.000000	164209.000000	0.000000	1678605495.796287	0.000000
0.000000	495.000000	164275.000000	0.000000	1678605495.811458	0.000000
0.000000	494.000000	164255.000000	0.000000	1678605495.826255	0.000000
0.000000	496.000000	164234.000000	0.000000	1678605495.841052	0.000000
0.000000	496.000000	164302.000000	0.000000	1678605495.855849	0.000000
0.000000	496.000000	164271.000000	0.000000	1678605495.870646	0.000000
0.000000	496.000000	164231.000000	0.000000	1678605495.885443	0.000000
0.000000	495.000000	164242.000000	0.000000	1678605495.900240	0.000000
0.000000	495.000000	164149.000000	0.000000	1678605495.920194	0.000000
0.000000	497.000000	164243.000000	0.000000	1678605495.940149	0.000000
0.000000	496.000000	164274.000000	0.000000	1678605495.960103	0.000000
0.000000	496.000000	164253.000000	0.000000	1678605495.980057	0.000000
0.000000	496.000000	164348.000000	0.000000	1678605496.000012	0.000000
0.000000	496.000000	164368.000000	0.000000	1678605496.019966	0.000000
0.000000	495.000000	164382.000000	0.000000	1678605496.035301	0.000000
0.000000	496.000000	164398.000000	0.000000	1678605496.050636	0.000000
0.000000	494.000000	164401.000000	0.000000	1678605496.065971	0.000000
0.000000	494.000000	164307.000000	0.000000	1678605496.081306	0.000000
0.000000	494.000000	164346.000000	0.000000	1678605496.096641	0.000000
0.000000	495.000000	164309.000000	0.000000	1678605496.111976	0.000000
0.000000	495.000000	164335.000000	0.000000	1678605496.124321	0.000000
0.000000	495.000000	164311.000000	0.000000	1678605496.136665	0.000000
0.000000	495.000000	164361.000000	0.000000	1678605496.149009	0.000000
0.000000	494.000000	164293.000000	0.000000	1678605496.161354	0.000000
0.000000	496.000000	164329.000000	0.000000	1678605496.173698	0.000000
0.000000	495.000000	164311.000000	0.000000	1678605496.186043	0.000000
0.000000	493.000000	164329.000000	0.000000	1678605496.201089	0.000000
0.000000	496.000000	164346.000000	0.000000	1678605496.216136	0.000000
0.000000	495.000000	164350.000000	0.000000	1678605496.231182	0.000000
0.000000	496.000000	164400.000000	0.000000	1678605496.246228	0.000000
0.000000	495.000000	164319.000000	0.000000	1678605496.261274	0.000000
0.000000	494.000000	164308.000000	0.000000	1678605496.276321	0.000000
0.000000	497.000000	164267.000000	0.000000	1678605496.293534	0.000000
0.000000	494.000000	164248.000000	0.000000	1678605496.310747	0.000000
0.000000	495.000000	164212.000000	0.000000	1678605496.327960	0.000000
0.000000	495.000000	164171.000000	0.000000	1678605496.345173	0.000000
0.000000	495.000000	164218.000000	0.000000	1678605496.362386	0.000000
0.000000	495.000000	164180.000000	0.000000	1678605496.379599	0.000000
0.000000	495.000000	164153.000000	0.000000	1678605496.394879	0.000000
0.000000	495.000000	164153.000000	0.000000	1678605496.410160	0.000000
0.000000	495.000000	164182.000000	0.000000	1678605496.425440	0.000000
0.000000	495.000000	164211.000000	0.000000	1678605496.440721	0.000000
0.000000	495.000000	164164.000000	0.000000	1678605496.456001	0.000000
0.000000	496.000000	164169.000000	0.000000	1678605496.471281	0.000000
0.000000	496.000000	164224.000000	0.000000	1678605496.486074	0.000000
0.000000	495.000000	164189.000000	0.000000	1678605496.500867	0.000000
0.000000	495.000000	164222.000000	0.000000	1678605496.515660	0.000000
0.000000	494.000000	164196.000000	0.000000	1678605496.530453	0.000000
0.000000	496.000000	164242.000000	0.000000	1678605496.545246	0.000000
0.000000	496.000000	164188.000000	0.000000	1678605496.560039	0.000000
0.000000	495.000000	164233.000000	0.000000	1678605496.575096	0.000000
0.000000	495.000000	164229.000000	0.000000	1678605496.590153	0.000000
0.000000	494.000000	164233.000000	0.000000	1678605496.605209	0.000000
0.000000	496.000000	164273.000000	0.000000	1678605496.620266	0.000000
0.000000	495.000000	164218.000000	0.000000	1678605496.635323	0.000000
0.000000	495.000000	164284.000000	0.000000	1678605496.650379	0.000000
0.000000	496.000000	164301.000000	0.000000	1678605496.665705	0.000000
0.000000	496.000000	164267.000000	0.000000	1678605496.681032	0.000000
0.000000	496.000000	164328.000000	0.000000	1678605496.696358	0.000000
0.000000	496.000000	164273.000000	0.000000	1678605496.711684	0.000000
0.000000	496.000000	164309.000000	0.000000	1678605496.727011	0.000000
0.000000	497.000000	164303.000000	0.000000	1678605496.742337	0.000000
0.000000	496.000000	164343.000000	0.000000	1678605496.759455	0.000000
0.000000	495.000000	164352.000000	0.000000	1678605496.776572	0.000000
0.000000	494.000000	164292.000000	0.000000	1678605496.793689	0.000000
0.000000	495.000000	164376.000000	0.000000	1678605496.810807	0.000000
0.000000	496.000000	164300.000000	0.000000	1678605496.827924	0.000000
0.000000	495.000000	164308.000000	0.000000	1678605496.845042	0.000000
0.000000	494.000000	164347.000000	0.000000	1678605496.860056	0.000000
0.000000	495.000000	164391.000000	0.000000	1678605496.875070	0.000000
0.000000	496.000000	164357.000000	0.000000	1678605496.890084	0.000000
0.000000	495.000000	164347.000000	0.000000	1678605496.905098	0.000000
0.000000	496.000000	164297.000000	0.000000	1678605496.920113	0.000000
0.000000	494.000000	164284.000000	0.000000	1678605496.935127	0.000000
0.000000	495.000000	164320.000000	0.000000	1678605496.950343	0.000000
0.000000	496.000000	164277.000000	0.000000	1678605496.965559	0.000000
0.000000	495.000000	164293.000000	0.000000	1678605496.980776	0.000000
0.000000	496.000000	164272.000000	0.000000	1678605496.995992	0.000000
0.000000	497.000000	164214.000000	0.000000	1678605497.011208	0.000000
0.000000	496.000000	164219.000000	0.000000	1678605497.026424	0.000000
0.000000	497.000000	164207.000000	0.000000	1678605497.043735	0.000000
0.000000	496.000000	164186.000000	0.000000	1678605497.061046	0.000000
0.000000	496.000000	164152.000000	0.000000	1678605497.078357	0.000000
0.000000	497.000000	164079.000000	0.000000	1678605497.095668	0.000000
0.000000	495.000000	164147.000000	0.000000	1678605497.112978	0.000000
0.000000	496.000000	164108.000000	0.000000	1678605497.130289	0.000000
0.000000	496.000000	164215.000000	0.000000	1678605497.145471	0.000000
0.000000	496.000000	164113.000000	0.000000	1678605497.160652	0.000000
0.000000	495.000000	164146.000000	0.000000	1678605497.175834	0.000000
0.000000	496.000000	164153.000000	0.000000	1678605497.191015	0.000000
0.000000	495.000000	164083.000000	0.000000	1678605497.206197	0.000000
0.000000	496.000000	164126.000000	0.000000	1678605497.221378	0.000000
0.000000	495.000000	164124.000000	0.000000	1678605497.236363	0.000000
0.000000	497.000000	164080.000000	0.000000	1678605497.251348	0.000000
0.000000	496.000000	164132.000000	0.000000	1678605497.266332	0.000000
0.000000	496.000000	164094.000000	0.000000	1678605497.281317	0.000000
0.000000	496.000000	164123.000000	0.000000	1678605497.296302	0.000000
0.000000	495.000000	164102.000000	0.000000	1678605497.311286	0.000000
0.000000	496.000000	164102.000000	0.000000	1678605497.326129	0.000000
0.000000	495.000000	164045.000000	0.000000	1678605497.340971	0.000000
0.000000	495.000000	164126.000000	0.000000	1678605497.355814	0.000000
0.000000	496.000000	164090.000000	0.000000	1678605497.370656	0.000000
0.000000	496.000000	164081.000000	0.000000	1678605497.385499	0.000000
0.000000	496.000000	164109.000000	0.000000	1678605497.400341	0.000000
0.000000	496.000000	164122.000000	0.000000	1678605497.415811	0.000000
0.000000	496.000000	164130.000000	0.000000	1678605497.431282	0.000000
0.000000	496.000000	164127.000000	0.000000	1678605497.446752	0.000000
0.000000	496.000000	164180.000000	0.000000	1678605497.462222	0.000000
0.000000	496.000000	164130.000000	0.000000	1678605497.477692	0.000000
0.000000	496.000000	164146.000000	0.000000	1678605497.493162	0.000000
0.000000	496.000000	164185.000000	0.000000	1678605497.512792	0.000000
0.000000	495.000000	164134.000000	0.000000	1678605497.532422	0.000000
0.000000	496.000000	164167.000000	0.000000	1678605497.552052	0.000000
0.000000	496.000000	164149.000000	0.000000	1678605497.571682	0.000000
0.000000	496.000000	164171.000000	0.000000	1678605497.591312	0.000000
0.000000	495.000000	164180.000000	0.000000	1678605497.610943	0.000000
0.000000	496.000000	164215.000000	0.000000	1678605497.623329	0.000000
0.000000	497.000000	164187.000000	0.000000	1678605497.635715	0.000000
0.000000	496.000000	164220.000000	0.000000	1678605497.648102	0.000000
0.000000	497.000000	164154.000000	0.000000	1678605497.660488	0.000000
0.000000	498.000000	164214.000000	0.000000	1678605497.672875	0.000000
0.000000	497.000000	164185.000000	0.000000	1678605497.685261	0.000000
0.000000	497.000000	164196.000000	0.000000	1678605497.700505	0.000000
0.000000	497.000000	164179.000000	0.000000	1678605497.715750	0.000000
0.000000	496.000000	164190.000000	0.000000	1678605497.730994	0.000000
0.000000	498.000000	164199.000000	0.000000	1678605497.746239	0.000000
0.000000	497.000000	164203.000000	0.000000	1678605497.761483	0.000000
0.000000	497.000000	164110.000000	0.000000	1678605497.776728	0.000000
0.000000	496.000000	164163.000000	0.000000	1678605497.793888	0.000000
0.000000	496.000000	164129.000000	0.000000	1678605497.811048	0.000000
0.000000	495.000000	164066.000000	0.000000	1678605497.828207	0.000000
0.000000	496.000000	164059.000000	0.000000	1678605497.845367	0.000000
0.000000	496.000000	164069.000000	0.000000	1678605497.862527	0.000000
0.000000	496.000000	164035.000000	0.000000	1678605497.879687	0.000000
0.000000	496.000000	164017.000000	0.000000	1678605497.897167	0.000000
0.000000	497.000000	163999.000000	0.000000	1678605497.914648	0.000000
0.000000	496.000000	163976.000000	0.000000	1678605497.932128	0.000000
0.000000	497.000000	164018.000000	0.000000	1678605497.949609	0.000000
0.000000	495.000000	163961.000000	0.000000	1678605497.967089	0.000000
0.000000	496.000000	163955.000000	0.000000	1678605497.984570	0.000000
0.000000	495.000000	163929.000000	0.000000	1678605497.997364	0.000000
0.000000	497.000000	163932.000000	0.000000	1678605498.010158	0.000000
0.000000	497.000000	163907.000000	0.000000	1678605498.022952	0.000000
0.000000	497.000000	163881.000000	0.000000	1678605498.035745	0.000000
0.000000	496.000000	163886.000000	0.000000	1678605498.048539	0.000000
0.000000	495.000000	163891.000000	0.000000	1678605498.061333	0.000000
0.000000	497.000000	163911.000000	0.000000	1678605498.076152	0.000000
0.000000	496.000000	163847.000000	0.000000	1678605498.090971	0.000000
0.000000	497.000000	163896.000000	0.000000	1678605498.105790	0.000000
0.000000	496.000000	163887.000000	0.000000	1678605498.120609	0.000000
0.000000	496.000000	163835.000000	0.000000	1678605498.135427	0.000000
0.000000	496.000000	163820.000000	0.000000	1678605498.150246	0.000000
0.000000	495.000000	163872.000000	0.000000	1678605498.167667	0.000000
0.000000	495.000000	163878.000000	0.000000	1678605498.185088	0.000000
0.000000	495.000000	163856.000000	0.000000	1678605498.202508	0.000000
0.000000	496.000000	163852.000000	0.000000	1678605498.219929	0.000000
0.000000	496.000000	163804.000000	0.000000	1678605498.237350	0.000000
0.000000	497.000000	163844.000000	0.000000	1678605498.254771	0.000000
0.000000	495.000000	163824.000000	0.000000	1678605498.270045	0.000000
0.000000	495.000000	163838.000000	0.000000	1678605498.285320	0.000000
0.000000	496.000000	163832.000000	0.000000	1678605498.300595	0.000000
0.000000	496.000000	163825.000000	0.000000	1678605498.315870	0.000000
0.000000	495.000000	163808.000000	0.000000	1678605498.331145	0.000000
0.000000	496.000000	163889.000000	0.000000	1678605498.346420	0.000000
0.000000	497.000000	163851.000000	0.000000	1678605498.361227	0.000000
0.000000	497.000000	163852.000000	0.000000	1678605498.376034	0.000000
0.000000	497.000000	163906.000000	0.000000	1678605498.390841	0.000000
0.000000	496.000000	163850.000000	0.000000	1678605498.405648	0.000000
0.000000	496.000000	163870.000000	0.000000	1678605498.420455	0.000000
0.000000	497.000000	163843.000000	0.000000	1678605498.435262	0.000000
0.000000	497.000000	163908.000000	0.000000	1678605498.450348	0.000000
0.000000	496.000000	163889.000000	0.000000	1678605498.465435	0.000000
0.000000	496.000000	163887.000000	0.000000	1678605498.480521	0.000000
0.000000	496.000000	163880.000000	0.000000	1678605498.495607	0.000000
0.000000	496.000000	163951.000000	0.000000	1678605498.510693	0.000000
0.000000	495.000000	163861.000000	0.000000	1678605498.525779	0.000000
0.000000	494.000000	163892.000000	0.000000	1678605498.543169	0.000000
0.000000	497.000000	163900.000000	0.000000	1678605498.560558	0.000000
0.000000	496.000000	163906.000000	0.000000	1678605498.577947	0.000000
0.000000	495.000000	163913.000000	0.000000	1678605498.595336	0.000000
0.000000	494.000000	163951.000000	0.000000	1678605498.612725	0.000000
0.000000	497.000000	163903.000000	0.000000	1678605498.630115	0.000000
0.000000	496.000000	163900.000000	0.000000	1678605498.645137	0.000000
0.000000	496.000000	163895.000000	0.000000	1678605498.660159	0.000000
0.000000	497.000000	163885.000000	0.000000	1678605498.675181	0.000000
0.000000	494.000000	163810.000000	0.000000	1678605498.690203	0.000000
0.000000	497.000000	163793.000000	0.000000	1678605498.705225	0.000000
0.000000	495.000000	163785.000000	0.000000	1678605498.720247	0.000000
0.000000	495.000000	163773.000000	0.000000	1678605498.735451	0.000000
0.000000	496.000000	163717.000000	0.000000	1678605498.750655	0.000000
0.000000	495.000000	163721.000000	0.000000	1678605498.765859	0.000000
0.000000	496.000000	163676.000000	0.000000	1678605498.781063	0.000000
0.000000	495.000000	163705.000000	0.000000	1678605498.796267	0.000000
0.000000	497.000000	163634.000000	0.000000	1678605498.811471	0.000000
0.000000	495.000000	163611.000000	0.000000	1678605498.826384	0.000000
0.000000	495.000000	163590.000000	0.000000	1678605498.841297	0.000000
0.000000	496.000000	163557.000000	0.000000	1678605498.856210	0.000000
0.000000	495.000000	163579.000000	0.000000	1678605498.871124	0.000000
0.000000	495.000000	163540.000000	0.000000	1678605498.886037	0.000000
0.000000	494.000000	163580.000000	0.000000	1678605498.900950	0.000000
0.000000	496.000000	163543.000000	0.000000	1678605498.916039	0.000000
0.000000	496.000000	163519.000000	0.000000	1678605498.931127	0.000000
0.000000	495.000000	163561.000000	0.000000	1678605498.946215	0.000000
0.000000	495.000000	163554.000000	0.000000	1678605498.961303	0.000000
0.000000	494.000000	163598.000000	0.000000	1678605498.976391	0.000000
0.000000	495.000000	163657.000000	0.000000	1678605498.991479	0.000000
0.000000	494.000000	163673.000000	0.000000	1678605499.008902	0.000000
0.000000	495.000000	163663.000000	0.000000	1678605499.026326	0.000000
0.000000	495.000000	163712.000000	0.000000	1678605499.043749	0.000000
0.000000	492.000000	163762.000000	0.000000	1678605499.061173	0.000000
0.000000	494.000000	163779.000000	0.000000	1678605499.078596	0.000000
0.000000	492.000000	163754.000000	0.000000	1678605499.096020	0.000000
0.000000	494.000000	163744.000000	0.000000	1678605499.111686	0.000000
0.000000	495.000000	163739.000000	0.000000	1678605499.127352	0.000000
0.000000	494.000000	163787.000000	0.000000	1678605499.143018	0.000000
0.000000	494.000000	163780.000000	0.000000	1678605499.158684	0.000000
0.000000	493.000000	163809.000000	0.000000	1678605499.174350	0.000000
0.000000	494.000000	163788.000000	0.000000	1678605499.190017	0.000000
0.000000	494.000000	163857.000000	0.000000	1678605499.204428	0.000000
0.000000	494.000000	163831.000000	0.000000	1678605499.218840	0.000000
0.000000	494.000000	163837.000000	0.000000	1678605499.233252	0.000000
0.000000	494.000000	163795.000000	0.000000	1678605499.247663	0.000000
0.000000	494.000000	163862.000000	0.000000	1678605499.262075	0.000000
0.000000	493.000000	163824.000000	0.000000	1678605499.276487	0.000000
0.000000	494.000000	163861.000000	0.000000	1678605499.291420	0.000000
0.000000	493.000000	163835.000000	0.000000	1678605499.306354	0.000000
0.000000	493.000000	163864.000000	0.000000	1678605499.321287	0.000000
0.000000	492.000000	163832.000000	0.000000	1678605499.336220	0.000000
0.000000	494.000000	163862.000000	0.000000	1678605499.351154	0.000000
0.000000	494.000000	163886.000000	0.000000	1678605499.366087	0.000000
0.000000	493.000000	163907.000000	0.000000	1678605499.383449	0.000000
0.000000	495.000000	163891.000000	0.000000	1678605499.400811	0.000000
0.000000	494.000000	163886.000000	0.000000	1678605499.418173	0.000000
0.000000	493.000000	163858.000000	0.000000	1678605499.435535	0.000000
0.000000	493.000000	163925.000000	0.000000	1678605499.452897	0.000000
0.000000	493.000000	163943.000000	0.000000	1678605499.470259	0.000000
0.000000	495.000000	163935.000000	0.000000	1678605499.485374	0.000000
0.000000	495.000000	163952.000000	0.000000	1678605499.500490	0.000000
0.000000	494.000000	163961.000000	0.000000	1678605499.515605	0.000000
0.000000	494.000000	163976.000000	0.000000	1678605499.530720	0.000000
0.000000	493.000000	163899.000000	0.000000	1678605499.545835	0.000000
0.000000	494.000000	163919.000000	0.000000	1678605499.560951	0.000000
0.000000	493.000000	163868.000000	0.000000	1678605499.576071	0.000000
0.000000	493.000000	163832.000000	0.000000	1678605499.591192	0.000000
0.000000	494.000000	163808.000000	0.000000	1678605499.606312	0.000000
0.000000	495.000000	163813.000000	0.000000	1678605499.621432	0.000000
0.000000	494.000000	163735.000000	0.000000	1678605499.636553	0.000000
0.000000	496.000000	163752.000000	0.000000	1678605499.651673	0.000000
0.000000	494.000000	163750.000000	0.000000	1678605499.666443	0.000000
0.000000	494.000000	163698.000000	0.000000	1678605499.681214	0.000000
0.000000	495.000000	163661.000000	0.000000	1678605499.695984	0.000000
0.000000	496.000000	163593.000000	0.000000	1678605499.710754	0.000000
0.000000	495.000000	163688.000000	0.000000	1678605499.725524	0.000000
0.000000	495.000000	163604.000000	0.000000	1678605499.740294	0.000000
0.000000	494.000000	163631.000000	0.000000	1678605499.757776	0.000000
0.000000	495.000000	163565.000000	0.000000	1678605499.775258	0.000000
0.000000	493.000000	163596.000000	0.000000	1678605499.792740	0.000000
0.000000	493.000000	163562.000000	0.000000	1678605499.810221	0.000000
0.000000	495.000000	163545.000000	0.000000	1678605499.827703	0.000000
0.000000	496.000000	163548.000000	0.000000	1678605499.845185	0.000000
0.000000	495.000000	163577.000000	0.000000	1678605499.862725	0.000000
0.000000	494.000000	163492.000000	0.000000	1678605499.880264	0.000000
0.000000	496.000000	163535.000000	0.000000	1678605499.897804	0.000000
0.000000	496.000000	163578.000000	0.000000	1678605499.915344	0.000000
0.000000	495.000000	163527.000000	0.000000	1678605499.932883	0.000000
0.000000	494.000000	163524.000000	0.000000	1678605499.950423	0.000000
0.000000	494.000000	163573.000000	0.000000	1678605499.963026	0.000000
0.000000	495.000000	163514.000000	0.000000	1678605499.975628	0.000000
0.000000	495.000000	163544.000000	0.000000	1678605499.988231	0.000000
0.000000	494.000000	163593.000000	0.000000	1678605500.000834	0.000000
0.000000	494.000000	163569.000000	0.000000	1678605500.013436	0.000000
0.000000	495.000000	163561.000000	0.000000	1678605500.026039	0.000000
0.000000	493.000000	163568.000000	0.000000	1678605500.041126	0.000000
0.000000	494.000000	163595.000000	0.000000	1678605500.056212	0.000000
0.000000	495.000000	163651.000000	0.000000	1678605500.071299	0.000000
0.000000	494.000000	163693.000000	0.000000	1678605500.086385	0.000000
0.000000	495.000000	163646.000000	0.000000	1678605500.101472	0.000000
0.000000	496.000000	163678.000000	0.000000	1678605500.116558	0.000000
0.000000	493.000000	163676.000000	0.000000	1678605500.133850	0.000000
0.000000	494.000000	163700.000000	0.000000	1678605500.151141	0.000000
0.000000	495.000000	163628.000000	0.000000	1678605500.168432	0.000000
0.000000	493.000000	163662.000000	0.000000	1678605500.185723	0.000000
0.000000	495.000000	163691.000000	0.000000	1678605500.203014	0.000000
0.000000	494.000000	163684.000000	0.000000	1678605500.220306	0.000000
0.000000	495.000000	163713.000000	0.000000	1678605500.235487	0.000000
0.000000	495.000000	163647.000000	0.000000	1678605500.250667	0.000000
0.000000	494.000000	163778.000000	0.000000	1678605500.265848	0.000000
0.000000	495.000000	163758.000000	0.000000	1678605500.281029	0.000000
0.000000	494.000000	163770.000000	0.000000	1678605500.296210	0.000000
0.000000	494.000000	163772.000000	0.000000	1678605500.311391	0.000000
0.000000	494.000000	163773.000000	0.000000	1678605500.326363	0.000000
0.000000	494.000000	163743.000000	0.000000	1678605500.341334	0.000000
0.000000	494.000000	163725.000000	0.000000	1678605500.356306	0.000000
0.000000	494.000000	163682.000000	0.000000	1678605500.371278	0.000000
0.000000	494.000000	163618.000000	0.000000	1678605500.386250	0.000000
0.000000	495.000000	163594.000000	0.000000	1678605500.401222	0.000000
0.000000	493.000000	163566.000000	0.000000	1678605500.418557	0.000000
0.000000	494.000000	163498.000000	0.000000	1678605500.435893	0.000000
0.000000	496.000000	163429.000000	0.000000	1678605500.453228	0.000000
0.000000	494.000000	163415.000000	0.000000	1678605500.470563	0.000000
0.000000	493.000000	163342.000000	0.000000	1678605500.487899	0.000000
0.000000	496.000000	163316.000000	0.000000	1678605500.505234	0.000000
0.000000	495.000000	163291.000000	0.000000	1678605500.520238	0.000000
0.000000	496.000000	163295.000000	0.000000	1678605500.535243	0.000000
0.000000	495.000000	163246.000000	0.000000	1678605500.550246	0.000000
0.000000	494.000000	163268.000000	0.000000	1678605500.565250	0.000000
0.000000	494.000000	163229.000000	0.000000	1678605500.580255	0.000000
0.000000	494.000000	163246.000000	0.000000	1678605500.595258	0.000000
0.000000	493.000000	163252.000000	0.000000	1678605500.610265	0.000000
0.000000	493.000000	163238.000000	0.000000	1678605500.625272	0.000000
0.000000	493.000000	163205.000000	0.000000	1678605500.640279	0.000000
0.000000	494.000000	163215.000000	0.000000	1678605500.655286	0.000000
0.000000	493.000000	163152.000000	0.000000	1678605500.670292	0.000000
0.000000	494.000000	163110.000000	0.000000	1678605500.685299	0.000000
0.000000	493.000000	163110.000000	0.000000	1678605500.700407	0.000000
0.000000	492.000000	163132.000000	0.000000	1678605500.715514	0.000000
0.000000	495.000000	163031.000000	0.000000	1678605500.730622	0.000000
0.000000	493.000000	162996.000000	0.000000	1678605500.745729	0.000000
0.000000	495.000000	162999.000000	0.000000	1678605500.760837	0.000000
0.000000	495.000000	162944.000000	0.000000	1678605500.775945	0.000000
0.000000	495.000000	162977.000000	0.000000	1678605500.793327	0.000000
0.000000	495.000000	162963.000000	0.000000	1678605500.810710	0.000000
0.000000	496.000000	162949.000000	0.000000	1678605500.828093	0.000000
0.000000	496.000000	162940.000000	0.000000	1678605500.845476	0.000000
0.000000	495.000000	162988.000000	0.000000	1678605500.862858	0.000000
0.000000	495.000000	163000.000000	0.000000	1678605500.880241	0.000000
0.000000	495.000000	163042.000000	0.000000	1678605500.895251	0.000000
0.000000	494.000000	162973.000000	0.000000	1678605500.910261	0.000000
0.000000	495.000000	163010.000000	0.000000	1678605500.925271	0.000000
0.000000	495.000000	163024.000000	0.000000	1678605500.940280	0.000000
0.000000	494.000000	163012.000000	0.000000	1678605500.955290	0.000000
0.000000	495.000000	163037.000000	0.000000	1678605500.970300	0.000000
0.000000	494.000000	163029.000000	0.000000	1678605500.985503	0.000000
0.000000	495.000000	163055.000000	0.000000	1678605501.000706	0.000000
0.000000	494.000000	163029.000000	0.000000	1678605501.015909	0.000000
0.000000	495.000000	163049.000000	0.000000	1678605501.031112	0.000000
0.000000	494.000000	163013.000000	0.000000	1678605501.046315	0.000000
0.000000	494.000000	163021.000000	0.000000	1678605501.061518	0.000000
0.000000	492.000000	163057.000000	0.000000	1678605501.076503	0.000000
0.000000	494.000000	162991.000000	0.000000	1678605501.091489	0.000000
0.000000	495.000000	163062.000000	0.000000	1678605501.106474	0.000000
0.000000	494.000000	163022.000000	0.000000	1678605501.121460	0.000000
0.000000	495.000000	163033.000000	0.000000	1678605501.136446	0.000000
0.000000	494.000000	163027.000000	0.000000	1678605501.151431	0.000000
0.000000	493.000000	163017.000000	0.000000	1678605501.171226	0.000000
0.000000	494.000000	163001.000000	0.000000	1678605501.191021	0.000000
0.000000	493.000000	162990.000000	0.000000	1678605501.210816	0.000000
0.000000	495.000000	162978.000000	0.000000	1678605501.230611	0.000000
0.000000	494.000000	162951.000000	0.000000	1678605501.250406	0.000000
0.000000	493.000000	162962.000000	0.000000	1678605501.270201	0.000000
0.000000	494.000000	162948.000000	0.000000	1678605501.283077	0.000000
0.000000	493.000000	162885.000000	0.000000	1678605501.295952	0.000000
0.000000	493.000000	162889.000000	0.000000	1678605501.308827	0.000000
0.000000	494.000000	162866.000000	0.000000	1678605501.321702	0.000000
0.000000	494.000000	162809.000000	0.000000	1678605501.334577	0.000000
0.000000	493.000000	162685.000000	0.000000	1678605501.347453	0.000000
0.000000	494.000000	162722.000000	0.000000	1678605501.362266	0.000000
0.000000	493.000000	162695.000000	0.000000	1678605501.377079	0.000000
0.000000	495.000000	162639.000000	0.000000	1678605501.391892	0.000000
0.000000	495.000000	162700.000000	0.000000	1678605501.406705	0.000000
0.000000	493.000000	162652.000000	0.000000	1678605501.421518	0.000000
0.000000	495.000000	162671.000000	0.000000	1678605501.436331	0.000000
0.000000	493.000000	162684.000000	0.000000	1678605501.451374	0.000000
0.000000	494.000000	162695.000000	0.000000	1678605501.466417	0.000000
0.000000	496.000000	162639.000000	0.000000	1678605501.481459	0.000000
0.000000	494.000000	162643.000000	0.000000	1678605501.496502	0.000000
0.000000	495.000000	162673.000000	0.000000	1678605501.511545	0.000000
0.000000	494.000000	162673.000000	0.000000	1678605501.526587	0.000000
0.000000	496.000000	162631.000000	0.000000	1678605501.543947	0.000000
0.000000	494.000000	162725.000000	0.000000	1678605501.561307	0.000000
0.000000	494.000000	162701.000000	0.000000	1678605501.578667	0.000000
0.000000	496.000000	162695.000000	0.000000	1678605501.596027	0.000000
0.000000	495.000000	162697.000000	0.000000	1678605501.613387	0.000000
0.000000	495.000000	162681.000000	0.000000	1678605501.630747	0.000000
0.000000	495.000000	162685.000000	0.000000	1678605501.645670	0.000000
0.000000	495.000000	162730.000000	0.000000	1678605501.660593	0.000000
0.000000	494.000000	162736.000000	0.000000	1678605501.675516	0.000000
0.000000	493.000000	162735.000000	0.000000	1678605501.690439	0.000000
0.000000	495.000000	162775.000000	0.000000	1678605501.705362	0.000000
0.000000	494.000000	162718.000000	0.000000	1678605501.720285	0.000000
0.000000	495.000000	162735.000000	0.000000	1678605501.740546	0.000000
0.000000	493.000000	162778.000000	0.000000	1678605501.760808	0.000000
0.000000	493.000000	162747.000000	0.000000	1678605501.781069	0.000000
0.000000	494.000000	162749.000000	0.000000	1678605501.801330	0.000000
0.000000	494.000000	162777.000000	0.000000	1678605501.821592	0.000000
0.000000	495.000000	162792.000000	0.000000	1678605501.841853	0.000000
0.000000	494.000000	162806.000000	0.000000	1678605501.851930	0.000000
0.000000	494.000000	162822.000000	0.000000	1678605501.862008	0.000000
0.000000	496.000000	162826.000000	0.000000	1678605501.872086	0.000000
0.000000	494.000000	162794.000000	0.000000	1678605501.882163	0.000000
0.000000	495.000000	162874.000000	0.000000	1678605501.892241	0.000000
0.000000	493.000000	162867.000000	0.000000	1678605501.902318	0.000000
0.000000	495.000000	162848.000000	0.000000	1678605501.916981	0.000000
0.000000	495.000000	162884.000000	0.000000	1678605501.931645	0.000000
0.000000	494.000000	162859.000000	0.000000	1678605501.946308	0.000000
0.000000	494.000000	162837.000000	0.000000	1678605501.960971	0.000000
0.000000	494.000000	162915.000000	0.000000	1678605501.975635	0.000000
0.000000	494.000000	162877.000000	0.000000	1678605501.990298	0.000000
0.000000	495.000000	162775.000000	0.000000	1678605502.007770	0.000000
0.000000	494.000000	162810.000000	0.000000	1678605502.025243	0.000000
0.000000	494.000000	162786.000000	0.000000	1678605502.042715	0.000000
0.000000	494.000000	162822.000000	0.000000	1678605502.060187	0.000000
0.000000	494.000000	162764.000000	0.000000	1678605502.077659	0.000000
0.000000	494.000000	162745.000000	0.000000	1678605502.095131	0.000000
0.000000	494.000000	162737.000000	0.000000	1678605502.110264	0.000000
0.000000	493.000000	162699.000000	0.000000	1678605502.125397	0.000000
0.000000	496.000000	162691.000000	0.000000	1678605502.140529	0.000000
0.000000	494.000000	162672.000000	0.000000	1678605502.155662	0.000000
0.000000	494.000000	162625.000000	0.000000	1678605502.170794	0.000000
0.000000	495.000000	162649.000000	0.000000	1678605502.185927	0.000000
0.000000	495.000000	162648.000000	0.000000	1678605502.203657	0.000000
0.000000	494.000000	162618.000000	0.000000	1678605502.221386	0.000000
0.000000	494.000000	162623.000000	0.000000	1678605502.239115	0.000000
0.000000	496.000000	162580.000000	0.000000	1678605502.256845	0.000000
0.000000	495.000000	162624.000000	0.000000	1678605502.274574	0.000000
0.000000	494.000000	162559.000000	0.000000	1678605502.292304	0.000000
0.000000	495.000000	162578.000000	0.000000	1678605502.304653	0.000000
0.000000	494.000000	162561.000000	0.000000	1678605502.317003	0.000000
0.000000	495.000000	162614.000000	0.000000	1678605502.329352	0.000000
0.000000	495.000000	162627.000000	0.000000	1678605502.341702	0.000000
0.000000	494.000000	162643.000000	0.000000	1678605502.354051	0.000000
0.000000	495.000000	162634.000000	0.000000	1678605502.366401	0.000000
0.000000	494.000000	162617.000000	0.000000	1678605502.383717	0.000000
0.000000	494.000000	162641.000000	0.000000	1678605502.401034	0.000000
0.000000	495.000000	162644.000000	0.000000	1678605502.418350	0.000000
0.000000	496.000000	162579.000000	0.000000	1678605502.435667	0.000000
0.000000	494.000000	162559.000000	0.000000	1678605502.452983	0.000000
0.000000	493.000000	162626.000000	0.000000	1678605502.470300	0.000000
0.000000	494.000000	162597.000000	0.000000	1678605502.485269	0.000000
0.000000	494.000000	162619.000000	0.000000	1678605502.500238	0.000000
0.000000	494.000000	162560.000000	0.000000	1678605502.515208	0.000000
0.000000	493.000000	162605.000000	0.000000	1678605502.530177	0.000000
0.000000	494.000000	162641.000000	0.000000	1678605502.545146	0.000000
0.000000	496.000000	162674.000000	0.000000	1678605502.560116	0.000000
0.000000	495.000000	162703.000000	0.000000	1678605502.575133	0.000000
0.000000	495.000000	162727.000000	0.000000	1678605502.590151	0.000000
0.000000	493.000000	162706.000000	0.000000	1678605502.605168	0.000000
0.000000	495.000000	162666.000000	0.000000	1678605502.620185	0.000000
0.000000	495.000000	162679.000000	0.000000	1678605502.635203	0.000000
0.000000	494.000000	162729.000000	0.000000	1678605502.650220	0.000000
0.000000	494.000000	162784.000000	0.000000	1678605502.665546	0.000000
0.000000	495.000000	162774.000000	0.000000	1678605502.680872	0.000000
0.000000	495.000000	162750.000000	0.000000	1678605502.696198	0.000000
0.000000	495.000000	162791.000000	0.000000	1678605502.711524	0.000000
0.000000	494.000000	162816.000000	0.000000	1678605502.726850	0.000000
0.000000	494.000000	162816.000000	0.000000	1678605502.742176	0.000000
0.000000	494.000000	162812.000000	0.000000	1678605502.759364	0.000000
0.000000	494.000000	162845.000000	0.000000	1678605502.776553	0.000000
0.000000	494.000000	162842.000000	0.000000	1678605502.793742	0.000000
0.000000	494.000000	162855.000000	0.000000	1678605502.810931	0.000000
0.000000	494.000000	162827.000000	0.000000	1678605502.828120	0.000000
0.000000	495.000000	162822.000000	0.000000	1678605502.845309	0.000000
0.000000	492.000000	162785.000000	0.000000	1678605502.860306	0.000000
0.000000	494.000000	162767.000000	0.000000	1678605502.875304	0.000000
0.000000	495.000000	162832.000000	0.000000	1678605502.890301	0.000000
0.000000	494.000000	162827.000000	0.000000	1678605502.905299	0.000000
0.000000	494.000000	162709.000000	0.000000	1678605502.920296	0.000000
0.000000	493.000000	162762.000000	0.000000	1678605502.935294	0.000000
0.000000	495.000000	162740.000000	0.000000	1678605502.950338	0.000000
0.000000	494.000000	162696.000000	0.000000	1678605502.965383	0.000000
0.000000	493.000000	162741.000000	0.000000	1678605502.980427	0.000000
0.000000	495.000000	162753.000000	0.000000	1678605502.995472	0.000000
0.000000	494.000000	162704.000000	0.000000	1678605503.010516	0.000000
0.000000	494.000000	162746.000000	0.000000	1678605503.025561	0.000000
0.000000	494.000000	162760.000000	0.000000	1678605503.043016	0.000000
0.000000	493.000000	162763.000000	0.000000	1678605503.060471	0.000000
0.000000	493.000000	162769.000000	0.000000	1678605503.077926	0.000000
0.000000	493.000000	162752.000000	0.000000	1678605503.095381	0.000000
0.000000	495.000000	162735.000000	0.000000	1678605503.112837	0.000000
0.000000	495.000000	162792.000000	0.000000	1678605503.130292	0.000000
0.000000	494.000000	162783.000000	0.000000	1678605503.145309	0.000000
0.000000	494.000000	162807.000000	0.000000	1678605503.160326	0.000000
0.000000	494.000000	162776.000000	0.000000	1678605503.175343	0.000000
0.000000	495.000000	162766.000000	0.000000	1678605503.190360	0.000000
0.000000	492.000000	162772.000000	0.000000	1678605503.205377	0.000000
0.000000	495.000000	162752.000000	0.000000	1678605503.220394	0.000000
0.000000	494.000000	162725.000000	0.000000	1678605503.235384	0.000000
0.000000	493.000000	162779.000000	0.000000	1678605503.250373	0.000000
0.000000	494.000000	162778.000000	0.000000	1678605503.265363	0.000000
0.000000	493.000000	162851.000000	0.000000	1678605503.280352	0.000000
0.000000	495.000000	162807.000000	0.000000	1678605503.295342	0.000000
0.000000	493.000000	162806.000000	0.000000	1678605503.310331	0.000000
0.000000	494.000000	162831.000000	0.000000	1678605503.325323	0.000000
0.000000	494.000000	162834.000000	0.000000	1678605503.340315	0.000000
0.000000	493.000000	162829.000000	0.000000	1678605503.355307	0.000000
0.000000	494.000000	162926.000000	0.000000	1678605503.370299	0.000000
0.000000	495.000000	162859.000000	0.000000	1678605503.385291	0.000000
0.000000	494.000000	162898.000000	0.000000	1678605503.400283	0.000000
0.000000	493.000000	162896.000000	0.000000	1678605503.417760	0.000000
0.000000	493.000000	162942.000000	0.000000	1678605503.435236	0.000000
0.000000	494.000000	162900.000000	0.000000	1678605503.452713	0.000000
0.000000	493.000000	162895.000000	0.000000	1678605503.470190	0.000000
0.000000	494.000000	162888.000000	0.000000	1678605503.487666	0.000000
0.000000	494.000000	162965.000000	0.000000	1678605503.505143	0.000000
0.000000	494.000000	162991.000000	0.000000	1678605503.520377	0.000000
0.000000	493.000000	162931.000000	0.000000	1678605503.535611	0.000000
0.000000	495.000000	162983.000000	0.000000	1678605503.550845	0.000000
0.000000	494.000000	162960.000000	0.000000	1678605503.566079	0.000000
0.000000	494.000000	163004.000000	0.000000	1678605503.581313	0.000000
0.000000	495.000000	163052.000000	0.000000	1678605503.596548	0.000000
0.000000	494.000000	163077.000000	0.000000	1678605503.611499	0.000000
0.000000	496.000000	163090.000000	0.000000	1678605503.626450	0.000000
0.000000	496.000000	163076.000000	0.000000	1678605503.641400	0.000000
0.000000	496.000000	163062.000000	0.000000	1678605503.656351	0.000000
0.000000	495.000000	163073.000000	0.000000	1678605503.671302	0.000000
0.000000	495.000000	163078.000000	0.000000	1678605503.686253	0.000000
0.000000	494.000000	163045.000000	0.000000	1678605503.703579	0.000000
0.000000	495.000000	163093.000000	0.000000	1678605503.720905	0.000000
0.000000	495.000000	163072.000000	0.000000	1678605503.738231	0.000000
0.000000	494.000000	163027.000000	0.000000	1678605503.755557	0.000000
0.000000	494.000000	163038.000000	0.000000	1678605503.772882	0.000000
0.000000	495.000000	163059.000000	0.000000	1678605503.790208	0.000000
0.000000	493.000000	163072.000000	0.000000	1678605503.805219	0.000000
0.000000	494.000000	163008.000000	0.000000	1678605503.820230	0.000000
0.000000	493.000000	163043.000000	0.000000	1678605503.835240	0.000000
0.000000	494.000000	163021.000000	0.000000	1678605503.850250	0.000000
0.000000	493.000000	163034.000000	0.000000	1678605503.865261	0.000000
0.000000	495.000000	163008.000000	0.000000	1678605503.880272	0.000000
0.000000	495.000000	163038.000000	0.000000	1678605503.895522	0.000000
0.000000	493.000000	162979.000000	0.000000	1678605503.910772	0.000000
0.000000	494.000000	163016.000000	0.000000	1678605503.926023	0.000000
0.000000	495.000000	163046.000000	0.000000	1678605503.941273	0.000000
0.000000	494.000000	163060.000000	0.000000	1678605503.956523	0.000000
0.000000	495.000000	163049.000000	0.000000	1678605503.971773	0.000000
0.000000	494.000000	162971.000000	0.000000	1678605503.986700	0.000000
0.000000	495.000000	163078.000000	0.000000	1678605504.001627	0.000000
0.000000	494.000000	163064.000000	0.000000	1678605504.016553	0.000000
0.000000	496.000000	163095.000000	0.000000	1678605504.031480	0.000000
0.000000	495.000000	163100.000000	0.000000	1678605504.046407	0.000000
0.000000	494.000000	163060.000000	0.000000	1678605504.061334	0.000000
0.000000	494.000000	163063.000000	0.000000	1678605504.076293	0.000000
0.000000	494.000000	163096.000000	0.000000	1678605504.091251	0.000000
0.000000	493.000000	163117.000000	0.000000	1678605504.106210	0.000000
0.000000	493.000000	163134.000000	0.000000	1678605504.121169	0.000000
0.000000	494.000000	163142.000000	0.000000	1678605504.136128	0.000000
0.000000	495.000000	163110.000000	0.000000	1678605504.151087	0.000000
0.000000	492.000000	163135.000000	0.000000	1678605504.165958	0.000000
0.000000	495.000000	163148.000000	0.000000	1678605504.180830	0.000000
0.000000	494.000000	163185.000000	0.000000	1678605504.195702	0.000000
0.000000	494.000000	163180.000000	0.000000	1678605504.210574	0.000000
0.000000	493.000000	163171.000000	0.000000	1678605504.225446	0.000000
0.000000	494.000000	163211.000000	0.000000	1678605504.240318	0.000000
0.000000	494.000000	163208.000000	0.000000	1678605504.257816	0.000000
0.000000	494.000000	163240.000000	0.000000	1678605504.275313	0.000000
0.000000	496.000000	163231.000000	0.000000	1678605504.292811	0.000000
0.000000	494.000000	163241.000000	0.000000	1678605504.310309	0.000000
0.000000	495.000000	163293.000000	0.000000	1678605504.327807	0.000000
0.000000	494.000000	163290.000000	0.000000	1678605504.345305	0.000000
0.000000	495.000000	163286.000000	0.000000	1678605504.360493	0.000000
0.000000	494.000000	163303.000000	0.000000	1678605504.375681	0.000000
0.000000	494.000000	163324.000000	0.000000	1678605504.390869	0.000000
0.000000	496.000000	163351.000000	0.000000	1678605504.406057	0.000000
0.000000	495.000000	163333.000000	0.000000	1678605504.421245	0.000000
0.000000	495.000000	163400.000000	0.000000	1678605504.436433	0.000000
0.000000	494.000000	163314.000000	0.000000	1678605504.451245	0.000000
0.000000	495.000000	163400.000000	0.000000	1678605504.466058	0.000000
0.000000	494.000000	163397.000000	0.000000	1678605504.480871	0.000000
0.000000	495.000000	163395.000000	0.000000	1678605504.495684	0.000000
0.000000	495.000000	163346.000000	0.000000	1678605504.510497	0.000000
0.000000	495.000000	163345.000000	0.000000	1678605504.525309	0.000000
0.000000	494.000000	163348.000000	0.000000	1678605504.540853	0.000000
0.000000	493.000000	163402.000000	0.000000	1678605504.556397	0.000000
0.000000	495.000000	163378.000000	0.000000	1678605504.571941	0.000000
0.000000	494.000000	163353.000000	0.000000	1678605504.587484	0.000000
0.000000	494.000000	163309.000000	0.000000	1678605504.603028	0.000000
0.000000	494.000000	163352.000000	0.000000	1678605504.618572	0.000000
0.000000	496.000000	163326.000000	0.000000	1678605504.635521	0.000000
0.000000	494.000000	163354.000000	0.000000	1678605504.652470	0.000000
0.000000	495.000000	163345.000000	0.000000	1678605504.669419	0.000000
0.000000	495.000000	163330.000000	0.000000	1678605504.686368	0.000000
0.000000	495.000000	163345.000000	0.000000	1678605504.703317	0.000000
0.000000	495.000000	163347.000000	0.000000	1678605504.720266	0.000000
0.000000	495.000000	163391.000000	0.000000	1678605504.735560	0.000000
0.000000	496.000000	163299.000000	0.000000	1678605504.750855	0.000000
0.000000	495.000000	163297.000000	0.000000	1678605504.766149	0.000000
0.000000	496.000000	163315.000000	0.000000	1678605504.781443	0.000000
0.000000	495.000000	163375.000000	0.000000	1678605504.796737	0.000000
0.000000	495.000000	163329.000000	0.000000	1678605504.812031	0.000000
0.000000	495.000000	163278.000000	0.000000	1678605504.827070	0.000000
0.000000	494.000000	163331.000000	0.000000	1678605504.842108	0.000000
0.000000	494.000000	163305.000000	0.000000	1678605504.857147	0.000000
0.000000	495.000000	163358.000000	0.000000	1678605504.872186	0.000000
0.000000	495.000000	163392.000000	0.000000	1678605504.887224	0.000000
0.000000	495.000000	163337.000000	0.000000	1678605504.902263	0.000000
0.000000	494.000000	163362.000000	0.000000	1678605504.916934	0.000000
0.000000	494.000000	163401.000000	0.000000	1678605504.931604	0.000000
0.000000	494.000000	163405.000000	0.000000	1678605504.946275	0.000000
0.000000	494.000000	163414.000000	0.000000	1678605504.960945	0.000000
0.000000	493.000000	163462.000000	0.000000	1678605504.975616	0.000000
0.000000	494.000000	163400.000000	0.000000	1678605504.990286	0.000000
0.000000	495.000000	163439.000000	0.000000	1678605505.006067	0.000000
0.000000	495.000000	163456.000000	0.000000	1678605505.021847	0.000000
0.000000	494.000000	163464.000000	0.000000	1678605505.037628	0.000000
0.000000	494.000000	163431.000000	0.000000	1678605505.053408	0.000000
0.000000	494.000000	163482.000000	0.000000	1678605505.069189	0.000000
0.000000	494.000000	163496.000000	0.000000	1678605505.084969	0.000000
0.000000	495.000000	163507.000000	0.000000	1678605505.104412	0.000000
0.000000	495.000000	163564.000000	0.000000	1678605505.123855	0.000000
0.000000	495.000000	163575.000000	0.000000	1678605505.143298	0.000000
0.000000	495.000000	163603.000000	0.000000	1678605505.162741	0.000000
0.000000	495.000000	163555.000000	0.000000	1678605505.182184	0.000000
0.000000	495.000000	163554.000000	0.000000	1678605505.201627	0.000000
0.000000	494.000000	163633.000000	0.000000	1678605505.213914	0.000000
0.000000	495.000000	163589.000000	0.000000	1678605505.226200	0.000000
0.000000	496.000000	163565.000000	0.000000	1678605505.238487	0.000000
0.000000	495.000000	163620.000000	0.000000	1678605505.250773	0.000000
0.000000	494.000000	163620.000000	0.000000	1678605505.263059	0.000000
0.000000	494.000000	163613.000000	0.000000	1678605505.275346	0.000000
0.000000	496.000000	163585.000000	0.000000	1678605505.290763	0.000000
0.000000	494.000000	163617.000000	0.000000	1678605505.306181	0.000000
0.000000	495.000000	163624.000000	0.000000	1678605505.321599	0.000000
0.000000	496.000000	163614.000000	0.000000	1678605505.337016	0.000000
0.000000	495.000000	163615.000000	0.000000	1678605505.352434	0.000000
0.000000	494.000000	163608.000000	0.000000	1678605505.367852	0.000000
0.000000	495.000000	163566.000000	0.000000	1678605505.385106	0.000000
0.000000	495.000000	163551.000000	0.000000	1678605505.402360	0.000000
0.000000	494.000000	163549.000000	0.000000	1678605505.419614	0.000000
0.000000	494.000000	163554.000000	0.000000	1678605505.436868	0.000000
0.000000	495.000000	163521.000000	0.000000	1678605505.454122	0.000000
0.000000	495.000000	163496.000000	0.000000	1678605505.471376	0.000000
0.000000	495.000000	163493.000000	0.000000	1678605505.486404	0.000000
0.000000	494.000000	163467.000000	0.000000	1678605505.501433	0.000000
0.000000	494.000000	163472.000000	0.000000	1678605505.516462	0.000000
0.000000	495.000000	163505.000000	0.000000	1678605505.531490	0.000000
0.000000	495.000000	163461.000000	0.000000	1678605505.546519	0.000000
0.000000	494.000000	163505.000000	0.000000	1678605505.561548	0.000000
0.000000	495.000000	163513.000000	0.000000	1678605505.579140	0.000000
0.000000	495.000000	163520.000000	0.000000	1678605505.596733	0.000000
0.000000	493.000000	163535.000000	0.000000	1678605505.614326	0.000000
0.000000	494.000000	163521.000000	0.000000	1678605505.631918	0.000000
0.000000	495.000000	163507.000000	0.000000	1678605505.649511	0.000000
0.000000	495.000000	163494.000000	0.000000	1678605505.667104	0.000000
0.000000	495.000000	163451.000000	0.000000	1678605505.679498	0.000000
0.000000	495.000000	163517.000000	0.000000	1678605505.691892	0.000000
0.000000	494.000000	163476.000000	0.000000	1678605505.704286	0.000000
0.000000	494.000000	163500.000000	0.000000	1678605505.716680	0.000000
0.000000	496.000000	163517.000000	0.000000	1678605505.729074	0.000000
0.000000	495.000000	163514.000000	0.000000	1678605505.741468	0.000000
0.000000	496.000000	163525.000000	0.000000	1678605505.758787	0.000000
0.000000	496.000000	163577.000000	0.000000	1678605505.776106	0.000000
0.000000	495.000000	163515.000000	0.000000	1678605505.793425	0.000000
0.000000	495.000000	163520.000000	0.000000	1678605505.810744	0.000000
0.000000	495.000000	163562.000000	0.000000	1678605505.828063	0.000000
0.000000	495.000000	163524.000000	0.000000	1678605505.845381	0.000000
0.000000	495.000000	163536.000000	0.000000	1678605505.860569	0.000000
0.000000	495.000000	163544.000000	0.000000	1678605505.875756	0.000000
0.000000	494.000000	163545.000000	0.000000	1678605505.890944	0.000000
0.000000	494.000000	163567.000000	0.000000	1678605505.906131	0.000000
0.000000	495.000000	163566.000000	0.000000	1678605505.921319	0.000000
0.000000	495.000000	163515.000000	0.000000	1678605505.936506	0.000000
0.000000	494.000000	163593.000000	0.000000	1678605505.951503	0.000000
0.000000	494.000000	163585.000000	0.000000	1678605505.966500	0.000000
0.000000	495.000000	163616.000000	0.000000	1678605505.981497	0.000000
0.000000	496.000000	163614.000000	0.000000	1678605505.996494	0.000000
0.000000	494.000000	163534.000000	0.000000	1678605506.011491	0.000000
0.000000	495.000000	163594.000000	0.000000	1678605506.026488	0.000000
0.000000	495.000000	163641.000000	0.000000	1678605506.041768	0.000000
0.000000	494.000000	163581.000000	0.000000	1678605506.057049	0.000000
0.000000	495.000000	163618.000000	0.000000	1678605506.072329	0.000000
0.000000	496.000000	163553.000000	0.000000	1678605506.087609	0.000000
0.000000	495.000000	163528.000000	0.000000	1678605506.102889	0.000000
0.000000	495.000000	163431.000000	0.000000	1678605506.118169	0.000000
0.000000	495.000000	163435.000000	0.000000	1678605506.135185	0.000000
0.000000	495.000000	163385.000000	0.000000	1678605506.152200	0.000000
0.000000	497.000000	163344.000000	0.000000	1678605506.169216	0.000000
0.000000	495.000000	163282.000000	0.000000	1678605506.186232	0.000000
0.000000	496.000000	163224.000000	0.000000	1678605506.203247	0.000000
0.000000	495.000000	163187.000000	0.000000	1678605506.220263	0.000000
0.000000	494.000000	163066.000000	0.000000	1678605506.235295	0.000000
0.000000	495.000000	162997.000000	0.000000	1678605506.250326	0.000000
0.000000	494.000000	162989.000000	0.000000	1678605506.265358	0.000000
0.000000	494.000000	162867.000000	0.000000	1678605506.280390	0.000000
0.000000	495.000000	162777.000000	0.000000	1678605506.295421	0.000000
0.000000	494.000000	162810.000000	0.000000	1678605506.310453	0.000000
0.000000	494.000000	162746.000000	0.000000	1678605506.325438	0.000000
0.000000	495.000000	162736.000000	0.000000	1678605506.340423	0.000000
0.000000	495.000000	162625.000000	0.000000	1678605506.355407	0.000000
0.000000	496.000000	162588.000000	0.000000	1678605506.370392	0.000000
0.000000	495.000000	162538.000000	0.000000	1678605506.385377	0.000000
0.000000	496.000000	162489.000000	0.000000	1678605506.400362	0.000000
0.000000	497.000000	162475.000000	0.000000	1678605506.415362	0.000000
0.000000	497.000000	162399.000000	0.000000	1678605506.430363	0.000000
0.000000	497.000000	162370.000000	0.000000	1678605506.445364	0.000000
0.000000	498.000000	162352.000000	0.000000	1678605506.460365	0.000000
0.000000	497.000000	162287.000000	0.000000	1678605506.475366	0.000000
0.000000	497.000000	162320.000000	0.000000	1678605506.490367	0.000000
0.000000	498.000000	162321.000000	0.000000	1678605506.507841	0.000000
0.000000	498.000000	162286.000000	0.000000	1678605506.525315	0.000000
0.000000	498.000000	162358.000000	0.000000	1678605506.542790	0.000000
0.000000	497.000000	162294.000000	0.000000	1678605506.560264	0.000000
0.000000	498.000000	162329.000000	0.000000	1678605506.577738	0.000000
0.000000	498.000000	162331.000000	0.000000	1678605506.595213	0.000000
0.000000	496.000000	162381.000000	0.000000	1678605506.610387	0.000000
0.000000	497.000000	162372.000000	0.000000	1678605506.625561	0.000000
0.000000	497.000000	162387.000000	0.000000	1678605506.640734	0.000000
0.000000	498.000000	162445.000000	0.000000	1678605506.655908	0.000000
0.000000	496.000000	162428.000000	0.000000	1678605506.671082	0.000000
0.000000	498.000000	162465.000000	0.000000	1678605506.686256	0.000000
0.000000	498.000000	162430.000000	0.000000	1678605506.701157	0.000000
0.000000	497.000000	162443.000000	0.000000	1678605506.716058	0.000000
0.000000	497.000000	162455.000000	0.000000	1678605506.730959	0.000000
0.000000	499.000000	162362.000000	0.000000	1678605506.745860	0.000000
0.000000	498.000000	162428.000000	0.000000	1678605506.760761	0.000000
0.000000	498.000000	162396.000000	0.000000	1678605506.775662	0.000000
0.000000	498.000000	162412.000000	0.000000	1678605506.790625	0.000000
0.000000	498.000000	162357.000000	0.000000	1678605506.805588	0.000000
0.000000	497.000000	162346.000000	0.000000	1678605506.820551	0.000000
0.000000	498.000000	162358.000000	0.000000	1678605506.835515	0.000000
0.000000	498.000000	162387.000000	0.000000	1678605506.850478	0.000000
0.000000	497.000000	162351.000000	0.000000	1678605506.865441	0.000000
0.000000	498.000000	162373.000000	0.000000	1678605506.883106	0.000000
0.000000	498.000000	162346.000000	0.000000	1678605506.900770	0.000000
0.000000	497.000000	162362.000000	0.000000	1678605506.918435	0.000000
0.000000	497.000000	162264.000000	0.000000	1678605506.936099	0.000000
0.000000	496.000000	162244.000000	0.000000	1678605506.953764	0.000000
0.000000	496.000000	162216.000000	0.000000	1678605506.971428	0.000000
0.000000	496.000000	162174.000000	0.000000	1678605506.986522	0.000000
0.000000	495.000000	162183.000000	0.000000	1678605507.001615	0.000000
0.000000	496.000000	162040.000000	0.000000	1678605507.016708	0.000000
0.000000	497.000000	162058.000000	0.000000	1678605507.031801	0.000000
0.000000	498.000000	162066.000000	0.000000	1678605507.046895	0.000000
0.000000	498.000000	162015.000000	0.000000	1678605507.061988	0.000000
0.000000	498.000000	162017.000000	0.000000	1678605507.076697	0.000000
0.000000	498.000000	161998.000000	0.000000	1678605507.091407	0.000000
0.000000	497.000000	161999.000000	0.000000	1678605507.106117	0.000000
0.000000	498.000000	161944.000000	0.000000	1678605507.120826	0.000000
0.000000	498.000000	161969.000000	0.000000	1678605507.135536	0.000000
0.000000	497.000000	161938.000000	0.000000	1678605507.150245	0.000000
0.000000	498.000000	161920.000000	0.000000	1678605507.165244	0.000000
0.000000	498.000000	161879.000000	0.000000	1678605507.180243	0.000000
0.000000	498.000000	161890.000000	0.000000	1678605507.195242	0.000000
0.000000	498.000000	161905.000000	0.000000	1678605507.210240	0.000000
0.000000	497.000000	161872.000000	0.000000	1678605507.225239	0.000000
0.000000	497.000000	161904.000000	0.000000	1678605507.240238	0.000000
0.000000	497.000000	161887.000000	0.000000	1678605507.258182	0.000000
0.000000	496.000000	161864.000000	0.000000	1678605507.276125	0.000000
0.000000	497.000000	161872.000000	0.000000	1678605507.294069	0.000000
0.000000	497.000000	161827.000000	0.000000	1678605507.312012	0.000000
0.000000	496.000000	161860.000000	0.000000	1678605507.329956	0.000000
0.000000	496.000000	161899.000000	0.000000	1678605507.347899	0.000000
0.000000	498.000000	161880.000000	0.000000	1678605507.362469	0.000000
0.000000	495.000000	161874.000000	0.000000	1678605507.377039	0.000000
0.000000	498.000000	161871.000000	0.000000	1678605507.391609	0.000000
0.000000	498.000000	161832.000000	0.000000	1678605507.406179	0.000000
0.000000	497.000000	161830.000000	0.000000	1678605507.420749	0.000000
0.000000	496.000000	161868.000000	0.000000	1678605507.435318	0.000000
0.000000	499.000000	161894.000000	0.000000	1678605507.450331	0.000000
0.000000	497.000000	161900.000000	0.000000	1678605507.465343	0.000000
0.000000	497.000000	161895.000000	0.000000	1678605507.480355	0.000000
0.000000	497.000000	161901.000000	0.000000	1678605507.495368	0.000000
0.000000	496.000000	161907.000000	0.000000	1678605507.510380	0.000000
0.000000	498.000000	161889.000000	0.000000	1678605507.525392	0.000000
0.000000	497.000000	161908.000000	0.000000	1678605507.540357	0.000000
0.000000	498.000000	161948.000000	0.000000	1678605507.555321	0.000000
0.000000	497.000000	161962.000000	0.000000	1678605507.570285	0.000000
0.000000	496.000000	162007.000000	0.000000	1678605507.585249	0.000000
0.000000	496.000000	161955.000000	0.000000	1678605507.600214	0.000000
0.000000	496.000000	161993.000000	0.000000	1678605507.615178	0.000000
0.000000	496.000000	161997.000000	0.000000	1678605507.632721	0.000000
0.000000	496.000000	162015.000000	0.000000	1678605507.650265	0.000000
0.000000	496.000000	162008.000000	0.000000	1678605507.667809	0.000000
0.000000	496.000000	161981.000000	0.000000	1678605507.685353	0.000000
0.000000	496.000000	162003.000000	0.000000	1678605507.702896	0.000000
0.000000	496.000000	161930.000000	0.000000	1678605507.720440	0.000000
0.000000	497.000000	161919.000000	0.000000	1678605507.735637	0.000000
0.000000	496.000000	161842.000000	0.000000	1678605507.750834	0.000000
0.000000	497.000000	161808.000000	0.000000	1678605507.766032	0.000000
0.000000	496.000000	161797.000000	0.000000	1678605507.781229	0.000000
0.000000	495.000000	161752.000000	0.000000	1678605507.796426	0.000000
0.000000	497.000000	161677.000000	0.000000	1678605507.811624	0.000000
0.000000	497.000000	161686.000000	0.000000	1678605507.826505	0.000000
0.000000	496.000000	161621.000000	0.000000	1678605507.841387	0.000000
0.000000	496.000000	161646.000000	0.000000	1678605507.856268	0.000000
0.000000	499.000000	161618.000000	0.000000	1678605507.871150	0.000000
0.000000	497.000000	161569.000000	0.000000	1678605507.886032	0.000000
0.000000	497.000000	161513.000000	0.000000	1678605507.900913	0.000000
0.000000	497.000000	161552.000000	0.000000	1678605507.916150	0.000000
0.000000	497.000000	161526.000000	0.000000	1678605507.931386	0.000000
0.000000	496.000000	161512.000000	0.000000	1678605507.946622	0.000000
0.000000	495.000000	161454.000000	0.000000	1678605507.961859	0.000000
0.000000	496.000000	161458.000000	0.000000	1678605507.977095	0.000000
0.000000	497.000000	161483.000000	0.000000	1678605507.992331	0.000000
0.000000	496.000000	161486.000000	0.000000	1678605508.012166	0.000000
0.000000	497.000000	161468.000000	0.000000	1678605508.032000	0.000000
0.000000	496.000000	161456.000000	0.000000	1678605508.051835	0.000000
0.000000	496.000000	161504.000000	0.000000	1678605508.071669	0.000000
0.000000	496.000000	161424.000000	0.000000	1678605508.091504	0.000000
0.000000	495.000000	161415.000000	0.000000	1678605508.111338	0.000000
0.000000	495.000000	161435.000000	0.000000	1678605508.123886	0.000000
0.000000	496.000000	161466.000000	0.000000	1678605508.136433	0.000000
0.000000	497.000000	161434.000000	0.000000	1678605508.148980	0.000000
0.000000	497.000000	161480.000000	0.000000	1678605508.161528	0.000000
0.000000	497.000000	161468.000000	0.000000	1678605508.174075	0.000000
0.000000	496.000000	161442.000000	0.000000	1678605508.186622	0.000000
0.000000	496.000000	161431.000000	0.000000	1678605508.201740	0.000000
0.000000	496.000000	161516.000000	0.000000	1678605508.216858	0.000000
0.000000	496.000000	161492.000000	0.000000	1678605508.231976	0.000000
0.000000	496.000000	161485.000000	0.000000	1678605508.247094	0.000000
0.000000	497.000000	161495.000000	0.000000	1678605508.262211	0.000000
0.000000	496.000000	161492.000000	0.000000	1678605508.277329	0.000000
0.000000	496.000000	161487.000000	0.000000	1678605508.292003	0.000000
0.000000	495.000000	161510.000000	0.000000	1678605508.306677	0.000000
0.000000	496.000000	161500.000000	0.000000	1678605508.321351	0.000000
0.000000	496.000000	161528.000000	0.000000	1678605508.336024	0.000000
0.000000	495.000000	161495.000000	0.000000	1678605508.350698	0.000000
0.000000	495.000000	161531.000000	0.000000	1678605508.365372	0.000000
0.000000	495.000000	161568.000000	0.000000	1678605508.382880	0.000000
0.000000	495.000000	161581.000000	0.000000	1678605508.400388	0.000000
0.000000	497.000000	161597.000000	0.000000	1678605508.417897	0.000000
0.000000	496.000000	161640.000000	0.000000	1678605508.435405	0.000000
0.000000	495.000000	161595.000000	0.000000	1678605508.452914	0.000000
0.000000	495.000000	161595.000000	0.000000	1678605508.470422	0.000000
0.000000	497.000000	161615.000000	0.000000	1678605508.485587	0.000000
0.000000	496.000000	161634.000000	0.000000	1678605508.500753	0.000000
0.000000	496.000000	161656.000000	0.000000	1678605508.515918	0.000000
0.000000	496.000000	161598.000000	0.000000	1678605508.531083	0.000000
0.000000	497.000000	161570.000000	0.000000	1678605508.546249	0.000000
0.000000	496.000000	161564.000000	0.000000	1678605508.561414	0.000000
0.000000	498.000000	161509.000000	0.000000	1678605508.578714	0.000000
0.000000	496.000000	161387.000000	0.000000	1678605508.596015	0.000000
0.000000	498.000000	161388.000000	0.000000	1678605508.613315	0.000000
0.000000	496.000000	161304.000000	0.000000	1678605508.630616	0.000000
0.000000	497.000000	161285.000000	0.000000	1678605508.647916	0.000000
0.000000	498.000000	161240.000000	0.000000	1678605508.665216	0.000000
0.000000	498.000000	161193.000000	0.000000	1678605508.678142	0.000000
0.000000	496.000000	161142.000000	0.000000	1678605508.691068	0.000000
0.000000	498.000000	161123.000000	0.000000	1678605508.703994	0.000000
0.000000	497.000000	161124.000000	0.000000	1678605508.716919	0.000000
0.000000	497.000000	161091.000000	0.000000	1678605508.729845	0.000000
0.000000	498.000000	161047.000000	0.000000	1678605508.742771	0.000000
0.000000	496.000000	161025.000000	0.000000	1678605508.759874	0.000000
0.000000	498.000000	160985.000000	0.000000	1678605508.776978	0.000000
0.000000	498.000000	160900.000000	0.000000	1678605508.794081	0.000000
0.000000	498.000000	160902.000000	0.000000	1678605508.811184	0.000000
0.000000	498.000000	160902.000000	0.000000	1678605508.828288	0.000000
0.000000	498.000000	160932.000000	0.000000	1678605508.845391	0.000000
0.000000	496.000000	160955.000000	0.000000	1678605508.860599	0.000000
0.000000	497.000000	160915.000000	0.000000	1678605508.875806	0.000000
0.000000	498.000000	160953.000000	0.000000	1678605508.891013	0.000000
0.000000	499.000000	160917.000000	0.000000	1678605508.906221	0.000000
0.000000	498.000000	160941.000000	0.000000	1678605508.921428	0.000000
0.000000	498.000000	160974.000000	0.000000	1678605508.936635	0.000000
0.000000	498.000000	160961.000000	0.000000	1678605508.951618	0.000000
0.000000	497.000000	160983.000000	0.000000	1678605508.966601	0.000000
0.000000	497.000000	161002.000000	0.000000	1678605508.981584	0.000000
0.000000	497.000000	161030.000000	0.000000	1678605508.996566	0.000000
0.000000	498.000000	160990.000000	0.000000	1678605509.011549	0.000000
0.000000	498.000000	160999.000000	0.000000	1678605509.026532	0.000000
0.000000	498.000000	161005.000000	0.000000	1678605509.041342	0.000000
0.000000	497.000000	161055.000000	0.000000	1678605509.056152	0.000000
0.000000	499.000000	161009.000000	0.000000	1678605509.070962	0.000000
0.000000	499.000000	161027.000000	0.000000	1678605509.085773	0.000000
0.000000	498.000000	161041.000000	0.000000	1678605509.100583	0.000000
0.000000	498.000000	161052.000000	0.000000	1678605509.115393	0.000000
0.000000	497.000000	161100.000000	0.000000	1678605509.132898	0.000000
0.000000	499.000000	161042.000000	0.000000	1678605509.150404	0.000000
0.000000	497.000000	161093.000000	0.000000	1678605509.167910	0.000000
0.000000	498.000000	161133.000000	0.000000	1678605509.185415	0.000000
0.000000	499.000000	161155.000000	0.000000	1678605509.202921	0.000000
0.000000	497.000000	161195.000000	0.000000	1678605509.220426	0.000000
0.000000	497.000000	161226.000000	0.000000	1678605509.235422	0.000000
0.000000	498.000000	161255.000000	0.000000	1678605509.250418	0.000000
0.000000	497.000000	161253.000000	0.000000	1678605509.265414	0.000000
0.000000	498.000000	161323.000000	0.000000	1678605509.280409	0.000000
0.000000	499.000000	161288.000000	0.000000	1678605509.295405	0.000000
0.000000	499.000000	161314.000000	0.000000	1678605509.310401	0.000000
0.000000	497.000000	161352.000000	0.000000	1678605509.325406	0.000000
0.000000	498.000000	161312.000000	0.000000	1678605509.340411	0.000000
0.000000	498.000000	161341.000000	0.000000	1678605509.355417	0.000000
0.000000	497.000000	161318.000000	0.000000	1678605509.370422	0.000000
0.000000	496.000000	161339.000000	0.000000	1678605509.385427	0.000000
0.000000	498.000000	161317.000000	0.000000	1678605509.400432	0.000000
0.000000	498.000000	161365.000000	0.000000	1678605509.418139	0.000000
0.000000	498.000000	161357.000000	0.000000	1678605509.435846	0.000000
0.000000	498.000000	161374.000000	0.000000	1678605509.453553	0.000000
0.000000	496.000000	161431.000000	0.000000	1678605509.471261	0.000000
0.000000	498.000000	161397.000000	0.000000	1678605509.488967	0.000000
0.000000	497.000000	161423.000000	0.000000	1678605509.506675	0.000000
0.000000	496.000000	161479.000000	0.000000	1678605509.521600	0.000000
0.000000	498.000000	161403.000000	0.000000	1678605509.536525	0.000000
0.000000	497.000000	161458.000000	0.000000	1678605509.551451	0.000000
0.000000	497.000000	161467.000000	0.000000	1678605509.566376	0.000000
0.000000	498.000000	161450.000000	0.000000	1678605509.581301	0.000000
0.000000	496.000000	161482.000000	0.000000	1678605509.596227	0.000000
0.000000	496.000000	161468.000000	0.000000	1678605509.611118	0.000000
0.000000	497.000000	161459.000000	0.000000	1678605509.626010	0.000000
0.000000	497.000000	161465.000000	0.000000	1678605509.640902	0.000000
0.000000	496.000000	161453.000000	0.000000	1678605509.655793	0.000000
0.000000	497.000000	161573.000000	0.000000	1678605509.670684	0.000000
0.000000	496.000000	161616.000000	0.000000	1678605509.685576	0.000000
0.000000	495.000000	161629.000000	0.000000	1678605509.700554	0.000000
0.000000	495.000000	161609.000000	0.000000	1678605509.715531	0.000000
0.000000	496.000000	161634.000000	0.000000	1678605509.730509	0.000000
0.000000	497.000000	161701.000000	0.000000	1678605509.745486	0.000000
0.000000	495.000000	161681.000000	0.000000	1678605509.760464	0.000000
0.000000	495.000000	161680.000000	0.000000	1678605509.775442	0.000000
0.000000	494.000000	161741.000000	0.000000	1678605509.792923	0.000000
0.000000	496.000000	161742.000000	0.000000	1678605509.810405	0.000000
0.000000	495.000000	161863.000000	0.000000	1678605509.827887	0.000000
0.000000	494.000000	161824.000000	0.000000	1678605509.845368	0.000000
0.000000	497.000000	161762.000000	0.000000	1678605509.862850	0.000000
0.000000	496.000000	161702.000000	0.000000	1678605509.880332	0.000000
0.000000	496.000000	161620.000000	0.000000	1678605509.895324	0.000000
0.000000	496.000000	161558.000000	0.000000	1678605509.910316	0.000000
0.000000	496.000000	161475.000000	0.000000	1678605509.925308	0.000000
0.000000	497.000000	161453.000000	0.000000	1678605509.940300	0.000000
0.000000	497.000000	161429.000000	0.000000	1678605509.955292	0.000000
0.000000	494.000000	161475.000000	0.000000	1678605509.970284	0.000000
0.000000	498.000000	161480.000000	0.000000	1678605509.985518	0.000000
0.000000	498.000000	161467.000000	0.000000	1678605510.000751	0.000000
0.000000	496.000000	161430.000000	0.000000	1678605510.015984	0.000000
0.000000	497.000000	161491.000000	0.000000	1678605510.031217	0.000000
0.000000	495.000000	161532.000000	0.000000	1678605510.046451	0.000000
0.000000	496.000000	161482.000000	0.000000	1678605510.061684	0.000000
0.000000	497.000000	161482.000000	0.000000	1678605510.076471	0.000000
0.000000	495.000000	161459.000000	0.000000	1678605510.091258	0.000000
0.000000	497.000000	161384.000000	0.000000	1678605510.106044	0.000000
0.000000	496.000000	161334.000000	0.000000	1678605510.120831	0.000000
0.000000	496.000000	161355.000000	0.000000	1678605510.135618	0.000000
0.000000	498.000000	161389.000000	0.000000	1678605510.150405	0.000000
0.000000	496.000000	161391.000000	0.000000	1678605510.165593	0.000000
0.000000	497.000000	161402.000000	0.000000	1678605510.180782	0.000000
0.000000	496.000000	161467.000000	0.000000	1678605510.195971	0.000000
0.000000	496.000000	161507.000000	0.000000	1678605510.211160	0.000000
0.000000	497.000000	161550.000000	0.000000	1678605510.226348	0.000000
0.000000	496.000000	161622.000000	0.000000	1678605510.241537	0.000000
0.000000	496.000000	161615.000000	0.000000	1678605510.259051	0.000000
0.000000	497.000000	161709.000000	0.000000	1678605510.276565	0.000000
0.000000	496.000000	161664.000000	0.000000	1678605510.294079	0.000000
0.000000	496.000000	161674.000000	0.000000	1678605510.311592	0.000000
0.000000	496.000000	161626.000000	0.000000	1678605510.329106	0.000000
0.000000	495.000000	161615.000000	0.000000	1678605510.346620	0.000000
0.000000	495.000000	161604.000000	0.000000	1678605510.361412	0.000000
0.000000	496.000000	161604.000000	0.000000	1678605510.376204	0.000000
0.000000	496.000000	161578.000000	0.000000	1678605510.390995	0.000000
0.000000	495.000000	161546.000000	0.000000	1678605510.405787	0.000000
0.000000	495.000000	161581.000000	0.000000	1678605510.420579	0.000000
0.000000	494.000000	161510.000000	0.000000	1678605510.435370	0.000000
0.000000	495.000000	161540.000000	0.000000	1678605510.450585	0.000000
0.000000	496.000000	161466.000000	0.000000	1678605510.465799	0.000000
0.000000	495.000000	161391.000000	0.000000	1678605510.481013	0.000000
0.000000	495.000000	161436.000000	0.000000	1678605510.496228	0.000000
0.000000	497.000000	161422.000000	0.000000	1678605510.511442	0.000000
0.000000	495.000000	161421.000000	0.000000	1678605510.526656	0.000000
0.000000	496.000000	161434.000000	0.000000	1678605510.541516	0.000000
0.000000	497.000000	161474.000000	0.000000	1678605510.556377	0.000000
0.000000	496.000000	161461.000000	0.000000	1678605510.571237	0.000000
0.000000	495.000000	161452.000000	0.000000	1678605510.586098	0.000000
0.000000	497.000000	161489.000000	0.000000	1678605510.600958	0.000000
0.000000	496.000000	161494.000000	0.000000	1678605510.615819	0.000000
0.000000	497.000000	161513.000000	0.000000	1678605510.633468	0.000000
0.000000	496.000000	161537.000000	0.000000	1678605510.651117	0.000000
0.000000	497.000000	161515.000000	0.000000	1678605510.668767	0.000000
0.000000	497.000000	161555.000000	0.000000	1678605510.686416	0.000000
0.000000	496.000000	161506.000000	0.000000	1678605510.704065	0.000000
0.000000	496.000000	161537.000000	0.000000	1678605510.721715	0.000000
0.000000	494.000000	161544.000000	0.000000	1678605510.736493	0.000000
0.000000	494.000000	161529.000000	0.000000	1678605510.751271	0.000000
0.000000	494.000000	161625.000000	0.000000	1678605510.766049	0.000000
0.000000	496.000000	161588.000000	0.000000	1678605510.780827	0.000000
0.000000	496.000000	161578.000000	0.000000	1678605510.795605	0.000000
0.000000	495.000000	161677.000000	0.000000	1678605510.810383	0.000000
0.000000	494.000000	161689.000000	0.000000	1678605510.825826	0.000000
0.000000	495.000000	161715.000000	0.000000	1678605510.841270	0.000000
0.000000	495.000000	161690.000000	0.000000	1678605510.856714	0.000000
0.000000	494.000000	161744.000000	0.000000	1678605510.872158	0.000000
0.000000	496.000000	161727.000000	0.000000	1678605510.887601	0.000000
0.000000	495.000000	161743.000000	0.000000	1678605510.903045	0.000000
0.000000	496.000000	161718.000000	0.000000	1678605510.917606	0.000000
0.000000	497.000000	161705.000000	0.000000	1678605510.932167	0.000000
0.000000	495.000000	161757.000000	0.000000	1678605510.946727	0.000000
0.000000	496.000000	161708.000000	0.000000	1678605510.961288	0.000000
0.000000	496.000000	161829.000000	0.000000	1678605510.975849	0.000000
0.000000	494.000000	161825.000000	0.000000	1678605510.990410	0.000000
0.000000	496.000000	161859.000000	0.000000	1678605511.008060	0.000000
0.000000	495.000000	161828.000000	0.000000	1678605511.025710	0.000000
0.000000	495.000000	161812.000000	0.000000	1678605511.043361	0.000000
0.000000	495.000000	161834.000000	0.000000	1678605511.061011	0.000000
0.000000	495.000000	161877.000000	0.000000	1678605511.078661	0.000000
0.000000	496.000000	161875.000000	0.000000	1678605511.096312	0.000000
0.000000	495.000000	161946.000000	0.000000	1678605511.111144	0.000000
0.000000	495.000000	161880.000000	0.000000	1678605511.125976	0.000000
0.000000	496.000000	161924.000000	0.000000	1678605511.140808	0.000000
0.000000	496.000000	161852.000000	0.000000	1678605511.155640	0.000000
0.000000	495.000000	161860.000000	0.000000	1678605511.170472	0.000000
0.000000	495.000000	161763.000000	0.000000	1678605511.185304	0.000000
0.000000	494.000000	161813.000000	0.000000	1678605511.200521	0.000000
0.000000	496.000000	161783.000000	0.000000	1678605511.215737	0.000000
0.000000	495.000000	161800.000000	0.000000	1678605511.230954	0.000000
0.000000	493.000000	161755.000000	0.000000	1678605511.246170	0.000000
0.000000	496.000000	161798.000000	0.000000	1678605511.261387	0.000000
0.000000	495.000000	161762.000000	0.000000	1678605511.276603	0.000000
0.000000	496.000000	161783.000000	0.000000	1678605511.291648	0.000000
0.000000	497.000000	161686.000000	0.000000	1678605511.306692	0.000000
0.000000	496.000000	161737.000000	0.000000	1678605511.321737	0.000000
0.000000	496.000000	161694.000000	0.000000	1678605511.336781	0.000000
0.000000	494.000000	161626.000000	0.000000	1678605511.351826	0.000000
0.000000	495.000000	161612.000000	0.000000	1678605511.366870	0.000000
0.000000	496.000000	161625.000000	0.000000	1678605511.384294	0.000000
0.000000	495.000000	161582.000000	0.000000	1678605511.401716	0.000000
0.000000	495.000000	161563.000000	0.000000	1678605511.419140	0.000000
0.000000	495.000000	161484.000000	0.000000	1678605511.436563	0.000000
0.000000	494.000000	161529.000000	0.000000	1678605511.453986	0.000000
0.000000	494.000000	161484.000000	0.000000	1678605511.471409	0.000000
0.000000	494.000000	161520.000000	0.000000	1678605511.486398	0.000000
0.000000	493.000000	161480.000000	0.000000	1678605511.501388	0.000000
0.000000	493.000000	161530.000000	0.000000	1678605511.516377	0.000000
0.000000	494.000000	161535.000000	0.000000	1678605511.531366	0.000000
0.000000	494.000000	161579.000000	0.000000	1678605511.546356	0.000000
0.000000	495.000000	161608.000000	0.000000	1678605511.561345	0.000000
